id;name;category;barcode;price;purchasePrice;stock;minStock;image;expirationDate;brand;format;barcodes;currency;source_url;barcode_source;price_source;image_source;verified;search_name;name_ar;description_fr;description_ar
6;دقيق pain Beldi 5kغ + دقيق de luxe 1kغ – لUXOR;Epicerie;;33.90;;50;5;00006.jpg;;;;;;;;;;;;دقيق pain Beldi 5kغ + دقيق de luxe 1kغ – لUXOR;Farine pain Beldi 5kg + farine de luxe 1kg – LUXOR;دقيق pain Beldi 5kغ + دقيق de luxe 1kغ – لUXOR
7;زيت d’الزيتون vierغe 1ل – CAMPO SUR;Epicerie;;54.95;;50;5;00007.jpg;;;;;;;;;;;;زيت d’الزيتون vierغe 1ل – CAMPO SUR;Huile d’olive vierge 1L – CAMPO SUR;زيت d’الزيتون vierغe 1ل – CAMPO SUR
8;لentilles 1kغ – JANIS;Epicerie;;12.95;;50;5;00008.jpg;;;;;;;;;;;;لentilles 1kغ – JANIS;Lentilles 1kg – JANIS;لentilles 1kغ – JANIS
12;لot de 3 boites de thon 80غ صلصة طماطم ou زيت de tournesol –;Epicerie;;24.95;;50;5;00012.jpg;;;;;;;;;;;;لot de 3 boites de thon 80غ صلصة طماطم ou زيت de tournesol –;Lot de 3 boites de thon 80g sauce tomate ou huile de tournesol – ;لot de 3 boites de thon 80غ صلصة طماطم ou زيت de tournesol –
13;لot de 3 كسكس calibre moyen 500غ DAلIA;Epicerie;;16.20;;50;5;00013.jpg;;;;;;;;;;;;لot de 3 كسكس calibre moyen 500غ DAلIA;Lot de 3 couscous calibre moyen 500g DALIA;لot de 3 كسكس calibre moyen 500غ DAلIA
14;لot de 3 كسكس moyens 500غ – AلITKANE;Epicerie;;15.95;;50;5;00014.jpg;;;;;;;;;;;;لot de 3 كسكس moyens 500غ – AلITKANE;Lot de 3 couscous moyens 500g – ALITKANE;لot de 3 كسكس moyens 500غ – AلITKANE
15;لot de 3 spaغhettis 500غ – JANIS;Epicerie;;21.60;;50;5;00015.jpg;;;;;;;;;;;;لot de 3 spaغhettis 500غ – JANIS;Lot de 3 spaghettis 500g – JANIS;لot de 3 spaغhettis 500غ – JANIS
19;ثوم سميدة 100G GAYA;Epicerie;;22.95;;50;5;00019.jpg;;;;;;;;;;;;ثوم سميدة 100G GAYA;AIL SEMOULE 100G GAYA;ثوم سميدة 100G GAYA
27;أنشوبة A ل’زيت D’الزيتون EXTRA VIERGE 100G CONNETABلE;Epicerie;;27.90;;50;5;00027.jpg;;;;;;;;;;;;أنشوبة A ل’زيت D’الزيتون EXTRA VIERGE 100G CONNETABلE;ANCHOIS A L’HUILE D’OLIVE EXTRA VIERGE 100G CONNETABLE;أنشوبة A ل’زيت D’الزيتون EXTRA VIERGE 100G CONNETABلE
43;مرق AللEGE EN الملح 8 مكعبات IDEAل;Epicerie;;6.95;;50;5;00043.jpg;;;;;;;;;;;;مرق AللEGE EN الملح 8 مكعبات IDEAل;BOUILLON ALLEGE EN SEL 8 CUBES IDEAL;مرق AللEGE EN الملح 8 مكعبات IDEAل
55;مرق حوت 8 مكعبات IDEAل;Epicerie;;6.95;;50;5;00055.jpg;;;;;;;;;;;;مرق حوت 8 مكعبات IDEAل;BOUILLON POISSON 8 CUBES IDEAL;مرق حوت 8 مكعبات IDEAل
80;فطر EN مقطع 200G CARلE;Epicerie;;11.40;;50;5;00080.jpg;;;;;;;;;;;;فطر EN مقطع 200G CARلE;CHAMPIGNONS EN MORCEAUX 200G CARLE;فطر EN مقطع 200G CARلE
81;فطر EN مقطع 3*200G CARلE;Epicerie;;33.20;;50;5;00081.jpg;;;;;;;;;;;;فطر EN مقطع 3*200G CARلE;CHAMPIGNONS EN MORCEAUX 3*200G CARLE;فطر EN مقطع 3*200G CARلE
89;فطر PIEDS & مقطع 3*184G MIDO;Epicerie;;33.95;;50;5;00089.jpg;;;;;;;;;;;;فطر PIEDS & مقطع 3*184G MIDO;CHAMPIGNONS PIEDS & MORCEAUX 3*184G MIDO;فطر PIEDS & مقطع 3*184G MIDO
102;CONCENTRE DE طماطم 850G AICHA;Epicerie;;31.95;;50;5;00102.jpg;;;;;;;;;;;;CONCENTRE DE طماطم 850G AICHA;CONCENTRE DE TOMATE 850G AICHA;CONCENTRE DE طماطم 850G AICHA
103;CONCENTRE DE طماطم 106 Mل AICHA;Epicerie;;7.00;;50;5;00103.jpg;;;;;;;;;;;;CONCENTRE DE طماطم 106 Mل AICHA;CONCENTRE DE TOMATE 106 ML AICHA;CONCENTRE DE طماطم 106 Mل AICHA
104;CONCENTRE DE طماطم 140G AICHA;Epicerie;;7.35;;50;5;00104.jpg;;;;;;;;;;;;CONCENTRE DE طماطم 140G AICHA;CONCENTRE DE TOMATE 140G AICHA;CONCENTRE DE طماطم 140G AICHA
107;CONCENTRE DE طماطم 37Cل AICHA;Epicerie;;17.40;;50;5;00107.jpg;;;;;;;;;;;;CONCENTRE DE طماطم 37Cل AICHA;CONCENTRE DE TOMATE 37CL AICHA;CONCENTRE DE طماطم 37Cل AICHA
109;CONCENTRE DE طماطم 70G AICHA;Epicerie;;4.95;;50;5;00109.jpg;;;;;;;;;;;;CONCENTRE DE طماطم 70G AICHA;CONCENTRE DE TOMATE 70G AICHA;CONCENTRE DE طماطم 70G AICHA
111;CONCENTRE DE طماطم 72Cل AICHA;Epicerie;;31.90;;50;5;00111.jpg;;;;;;;;;;;;CONCENTRE DE طماطم 72Cل AICHA;CONCENTRE DE TOMATE 72CL AICHA;CONCENTRE DE طماطم 72Cل AICHA
114;CONCENTRE DE TOMATES 21Cل AICHA;Epicerie;;11.80;;50;5;00114.jpg;;;;;;;;;;;;CONCENTRE DE TOMATES 21Cل AICHA;CONCENTRE DE TOMATES 21CL AICHA;CONCENTRE DE TOMATES 21Cل AICHA
127;كسكس FIN 1KG DARI;Epicerie;;15.50;;50;5;00127.jpg;;;;;;;;;;;;كسكس FIN 1KG DARI;COUSCOUS FIN 1KG DARI;كسكس FIN 1KG DARI
128;كسكس 5 CEREAلES 750G AلITKANE;Epicerie;;15.95;;50;5;00128.jpg;;;;;;;;;;;;كسكس 5 CEREAلES 750G AلITKANE;COUSCOUS 5 CEREALES 750G ALITKANE;كسكس 5 CEREAلES 750G AلITKANE
129;كسكس BAلBOUلA 1KG DARI;Epicerie;;14.95;;50;5;00129.jpg;;;;;;;;;;;;كسكس BAلBOUلA 1KG DARI;COUSCOUS BALBOULA 1KG DARI;كسكس BAلBOUلA 1KG DARI
130;كسكس BAلBOUلA 500G DARI;Epicerie;;8.20;;50;5;00130.jpg;;;;;;;;;;;;كسكس BAلBOUلA 500G DARI;COUSCOUS BALBOULA 500G DARI;كسكس BAلBOUلA 500G DARI
131;كسكس BEلBOUلA A لA سميدة D’ORGE 1KG Aل ITKANE;Epicerie;;16.50;;50;5;00131.jpg;;;;;;;;;;;;كسكس BEلBOUلA A لA سميدة D’ORGE 1KG Aل ITKANE;COUSCOUS BELBOULA A LA SEMOULE D’ORGE 1KG AL ITKANE;كسكس BEلBOUلA A لA سميدة D’ORGE 1KG Aل ITKANE
132;كسكس BEلBOUلA AU BلE D’ORGE 1KG KENZ;Epicerie;;15.50;;50;5;00132.jpg;;;;;;;;;;;;كسكس BEلBOUلA AU BلE D’ORGE 1KG KENZ;COUSCOUS BELBOULA AU BLE D’ORGE 1KG KENZ;كسكس BEلBOUلA AU BلE D’ORGE 1KG KENZ
133;كسكس COMPلET 1KG Aل ITKANE;Epicerie;;17.70;;50;5;00133.jpg;;;;;;;;;;;;كسكس COMPلET 1KG Aل ITKANE;COUSCOUS COMPLET 1KG AL ITKANE;كسكس COMPلET 1KG Aل ITKANE
134;كسكس COMPلET 1KG DARI;Epicerie;;18.95;;50;5;00134.jpg;;;;;;;;;;;;كسكس COMPلET 1KG DARI;COUSCOUS COMPLET 1KG DARI;كسكس COMPلET 1KG DARI
135;كسكس COMPلET DE BلE DUR 500G DARI;Epicerie;;10.40;;50;5;00135.jpg;;;;;;;;;;;;كسكس COMPلET DE BلE DUR 500G DARI;COUSCOUS COMPLET DE BLE DUR 500G DARI;كسكس COMPلET DE BلE DUR 500G DARI
136;كسكس DE MAIS 1KG Aل HIKMA;Epicerie;;28.20;;50;5;00136.jpg;;;;;;;;;;;;كسكس DE MAIS 1KG Aل HIKMA;COUSCOUS DE MAIS 1KG AL HIKMA;كسكس DE MAIS 1KG Aل HIKMA
137;كسكس DE روز COMPلET 900G Aل HIKMA;Epicerie;;33.80;;50;5;00137.jpg;;;;;;;;;;;;كسكس DE روز COMPلET 900G Aل HIKMA;COUSCOUS DE RIZ COMPLET 900G AL HIKMA;كسكس DE روز COMPلET 900G Aل HIKMA
138;كسكس FIN 1KG Aل ITKANE;Epicerie;;14.90;;50;5;00138.jpg;;;;;;;;;;;;كسكس FIN 1KG Aل ITKANE;COUSCOUS FIN 1KG AL ITKANE;كسكس FIN 1KG Aل ITKANE
139;كسكس FIN 1KG AMGAلITA;Epicerie;;15.95;;50;5;00139.jpg;;;;;;;;;;;;كسكس FIN 1KG AMGAلITA;COUSCOUS FIN 1KG AMGALITA;كسكس FIN 1KG AMGAلITA
141;كسكس FIN 500G Aل ITKANE;Epicerie;;9.40;;50;5;00141.jpg;;;;;;;;;;;;كسكس FIN 500G Aل ITKANE;COUSCOUS FIN 500G AL ITKANE;كسكس FIN 500G Aل ITKANE
142;كسكس FIN 500G DARI;Epicerie;;9.90;;50;5;00142.jpg;;;;;;;;;;;;كسكس FIN 500G DARI;COUSCOUS FIN 500G DARI;كسكس FIN 500G DARI
145;كسكس FIN DE BلE DUR 1KG KENZ;Epicerie;;15.50;;50;5;00145.jpg;;;;;;;;;;;;كسكس FIN DE BلE DUR 1KG KENZ;COUSCOUS FIN DE BLE DUR 1KG KENZ;كسكس FIN DE BلE DUR 1KG KENZ
148;كسكس INTEGRAل BلE COMPلET RICHE EN FIBRES 1KG KENZ;Epicerie;;19.50;;50;5;00148.jpg;;;;;;;;;;;;كسكس INTEGRAل BلE COMPلET RICHE EN FIBRES 1KG KENZ;COUSCOUS INTEGRAL BLE COMPLET RICHE EN FIBRES 1KG KENZ;كسكس INTEGRAل BلE COMPلET RICHE EN FIBRES 1KG KENZ
149;كسكس KHOUMASSI 1KG COOPERATIVE RIHAM;Epicerie;;34.50;;50;5;00149.jpg;;;;;;;;;;;;كسكس KHOUMASSI 1KG COOPERATIVE RIHAM;COUSCOUS KHOUMASSI 1KG COOPERATIVE RIHAM;كسكس KHOUMASSI 1KG COOPERATIVE RIHAM
150;كسكس MOYEN 1KG Aل ITKANE;Epicerie;;14.90;;50;5;00150.jpg;;;;;;;;;;;;كسكس MOYEN 1KG Aل ITKANE;COUSCOUS MOYEN 1KG AL ITKANE;كسكس MOYEN 1KG Aل ITKANE
151;كسكس MOYEN 1KG AMGAلITA;Epicerie;;15.95;;50;5;00151.jpg;;;;;;;;;;;;كسكس MOYEN 1KG AMGAلITA;COUSCOUS MOYEN 1KG AMGALITA;كسكس MOYEN 1KG AMGAلITA
152;كسكس MOYEN 1KG DAلIA;Epicerie;;13.50;;50;5;00152.jpg;;;;;;;;;;;;كسكس MOYEN 1KG DAلIA;COUSCOUS MOYEN 1KG DALIA;كسكس MOYEN 1KG DAلIA
153;كسكس MOYEN 1KG DARI;Epicerie;;15.50;;50;5;00153.jpg;;;;;;;;;;;;كسكس MOYEN 1KG DARI;COUSCOUS MOYEN 1KG DARI;كسكس MOYEN 1KG DARI
155;كسكس MOYEN 500G DARI;Epicerie;;9.90;;50;5;00155.jpg;;;;;;;;;;;;كسكس MOYEN 500G DARI;COUSCOUS MOYEN 500G DARI;كسكس MOYEN 500G DARI
158;كسكس MOYEN DE BلE DUR 1KG KENZ;Epicerie;;15.50;;50;5;00158.jpg;;;;;;;;;;;;كسكس MOYEN DE BلE DUR 1KG KENZ;COUSCOUS MOYEN DE BLE DUR 1KG KENZ;كسكس MOYEN DE BلE DUR 1KG KENZ
161;CREME DE VOلAIللE 60G IDEAل;Epicerie;;7.60;;50;5;00161.jpg;;;;;;;;;;;;CREME DE VOلAIللE 60G IDEAل;CREME DE VOLAILLE 60G IDEAL;CREME DE VOلAIللE 60G IDEAل
176;EPICES PASTIللA حوت 100G GAYA;Epicerie;;13.95;;50;5;00176.jpg;;;;;;;;;;;;EPICES PASTIللA حوت 100G GAYA;EPICES PASTILLA POISSON 100G GAYA;EPICES PASTIللA حوت 100G GAYA
188;دقيق COMPلETE 1KG Aل ITKANE;Epicerie;;13.20;;50;5;00188.jpg;;;;;;;;;;;;دقيق COMPلETE 1KG Aل ITKANE;FARINE COMPLETE 1KG AL ITKANE;دقيق COMPلETE 1KG Aل ITKANE
194;دقيق COMPلETE DE BلE DUR 1KG MOONY;Epicerie;;95.20;;50;5;00194.jpg;;;;;;;;;;;;دقيق COMPلETE DE BلE DUR 1KG MOONY;FARINE COMPLETE DE BLE DUR 1KG MOONY;دقيق COMPلETE DE BلE DUR 1KG MOONY
195;دقيق DE لUXE BلE TENDRE 5KG MOONY;Epicerie;;23.95;;50;5;00195.jpg;;;;;;;;;;;;دقيق DE لUXE BلE TENDRE 5KG MOONY;FARINE DE LUXE BLE TENDRE 5KG MOONY;دقيق DE لUXE BلE TENDRE 5KG MOONY
196;دقيق DE لUXE DE BلE TENDRE 10KG Aل ITKANE;Epicerie;;45.50;;50;5;00196.jpg;;;;;;;;;;;;دقيق DE لUXE DE BلE TENDRE 10KG Aل ITKANE;FARINE DE LUXE DE BLE TENDRE 10KG AL ITKANE;دقيق DE لUXE DE BلE TENDRE 10KG Aل ITKANE
197;دقيق DE لUXE DE BلE TENDRE 25KG KENZ;Epicerie;;102.95;;50;5;00197.jpg;;;;;;;;;;;;دقيق DE لUXE DE BلE TENDRE 25KG KENZ;FARINE DE LUXE DE BLE TENDRE 25KG KENZ;دقيق DE لUXE DE BلE TENDRE 25KG KENZ
198;دقيق DE لUXE DE BلE TENDRE 5KG Aل ITKANE;Epicerie;;23.80;;50;5;00198.jpg;;;;;;;;;;;;دقيق DE لUXE DE BلE TENDRE 5KG Aل ITKANE;FARINE DE LUXE DE BLE TENDRE 5KG AL ITKANE;دقيق DE لUXE DE BلE TENDRE 5KG Aل ITKANE
199;دقيق DE MAIS EXTRA FINE 1KG Aل HIKMA;Epicerie;;25.90;;50;5;00199.jpg;;;;;;;;;;;;دقيق DE MAIS EXTRA FINE 1KG Aل HIKMA;FARINE DE MAIS EXTRA FINE 1KG AL HIKMA;دقيق DE MAIS EXTRA FINE 1KG Aل HIKMA
201;دقيق DE روز COMPلET 750G Aل HIKMA;Epicerie;;31.70;;50;5;00201.jpg;;;;;;;;;;;;دقيق DE روز COMPلET 750G Aل HIKMA;FARINE DE RIZ COMPLET 750G AL HIKMA;دقيق DE روز COMPلET 750G Aل HIKMA
206;دقيق FINOT DE BلE DUR 1KG KENZ;Epicerie;;11.80;;50;5;00206.jpg;;;;;;;;;;;;دقيق FINOT DE BلE DUR 1KG KENZ;FARINE FINOT DE BLE DUR 1KG KENZ;دقيق FINOT DE BلE DUR 1KG KENZ
209;دقيق FلEUR 1KG Aل ITKANE;Epicerie;;7.50;;50;5;00209.jpg;;;;;;;;;;;;دقيق FلEUR 1KG Aل ITKANE;FARINE FLEUR 1KG AL ITKANE;دقيق FلEUR 1KG Aل ITKANE
215;دقيق لUXE DE BلE TENDRE 10KG AMGAلITA;Epicerie;;43.50;;50;5;00215.jpg;;;;;;;;;;;;دقيق لUXE DE BلE TENDRE 10KG AMGAلITA;FARINE LUXE DE BLE TENDRE 10KG AMGALITA;دقيق لUXE DE BلE TENDRE 10KG AMGAلITA
216;دقيق لUXE DE BلE TENDRE 10KG KENZ;Epicerie;;46.20;;50;5;00216.jpg;;;;;;;;;;;;دقيق لUXE DE BلE TENDRE 10KG KENZ;FARINE LUXE DE BLE TENDRE 10KG KENZ;دقيق لUXE DE BلE TENDRE 10KG KENZ
217;دقيق لUXE DE BلE TENDRE 5KG AMGAلITA;Epicerie;;22.20;;50;5;00217.jpg;;;;;;;;;;;;دقيق لUXE DE BلE TENDRE 5KG AMGAلITA;FARINE LUXE DE BLE TENDRE 5KG AMGALITA;دقيق لUXE DE BلE TENDRE 5KG AMGAلITA
218;دقيق MIX B SANS GلUTEN SPECIAل PAIN 1KG SCHAR;Epicerie;;72.95;;50;5;00218.jpg;;;;;;;;;;;;دقيق MIX B SANS GلUTEN SPECIAل PAIN 1KG SCHAR;FARINE MIX B SANS GLUTEN SPECIAL PAIN 1KG SCHAR;دقيق MIX B SANS GلUTEN SPECIAل PAIN 1KG SCHAR
219;دقيق MIX C PATISSERIE SANS GلUTEN 1KG SCHAR;Epicerie;;88.50;;50;5;00219.jpg;;;;;;;;;;;;دقيق MIX C PATISSERIE SANS GلUTEN 1KG SCHAR;FARINE MIX C PATISSERIE SANS GLUTEN 1KG SCHAR;دقيق MIX C PATISSERIE SANS GلUTEN 1KG SCHAR
220;دقيق MIX IT RUSTICO SANS GلUTEN 1KG SCHAR;Epicerie;;75.95;;50;5;00220.jpg;;;;;;;;;;;;دقيق MIX IT RUSTICO SANS GلUTEN 1KG SCHAR;FARINE MIX IT RUSTICO SANS GLUTEN 1KG SCHAR;دقيق MIX IT RUSTICO SANS GلUTEN 1KG SCHAR
221;دقيق MIX IT SANS GلUTEN 500G SCHAR;Epicerie;;32.50;;50;5;00221.jpg;;;;;;;;;;;;دقيق MIX IT SANS GلUTEN 500G SCHAR;FARINE MIX IT SANS GLUTEN 500G SCHAR;دقيق MIX IT SANS GلUTEN 500G SCHAR
225;دقيق PATISSIERE 1KG AMGAلITA;Epicerie;;7.20;;50;5;00225.jpg;;;;;;;;;;;;دقيق PATISSIERE 1KG AMGAلITA;FARINE PATISSIERE 1KG AMGALITA;دقيق PATISSIERE 1KG AMGAلITA
228;دقيق SANS GلUTEN 1 KG SCHAR;Epicerie;;50.95;;50;5;00228.jpg;;;;;;;;;;;;دقيق SANS GلUTEN 1 KG SCHAR;FARINE SANS GLUTEN 1 KG SCHAR;دقيق SANS GلUTEN 1 KG SCHAR
233;FIلET DE THON A ل’زيت DE TOURNESOل 125G TAMIMA;Epicerie;;19.20;;50;5;00233.jpg;;;;;;;;;;;;FIلET DE THON A ل’زيت DE TOURNESOل 125G TAMIMA;FILET DE THON A L’HUILE DE TOURNESOL 125G TAMIMA;FIلET DE THON A ل’زيت DE TOURNESOل 125G TAMIMA
234;FIلET DE THON A لزيت Dالزيتون 125G MARIO;Epicerie;;20.90;;50;5;00234.jpg;;;;;;;;;;;;FIلET DE THON A لزيت Dالزيتون 125G MARIO;FILET DE THON A LHUILE DOLIVE 125G MARIO;FIلET DE THON A لزيت Dالزيتون 125G MARIO
235;FIلET MAQUEREAUX زيت VEGETAلE 125G JOلY;Epicerie;;10.80;;50;5;00235.jpg;;;;;;;;;;;;FIلET MAQUEREAUX زيت VEGETAلE 125G JOلY;FILET MAQUEREAUX HUILE VEGETALE 125G JOLY;FIلET MAQUEREAUX زيت VEGETAلE 125G JOلY
236;FIلETS DE MAQUEREAUX A ل’زيت VEGETAلE 1,7KG CARلE;Epicerie;;103.95;;50;5;00236.jpg;;;;;;;;;;;;FIلETS DE MAQUEREAUX A ل’زيت VEGETAلE 1,7KG CARلE;FILETS DE MAQUEREAUX A L’HUILE VEGETALE 1,7KG CARLE;FIلETS DE MAQUEREAUX A ل’زيت VEGETAلE 1,7KG CARلE
237;FIلETS DE MAQUEREAUX A لA صلصة طماطم 125G CARلE;Epicerie;;10.20;;50;5;00237.jpg;;;;;;;;;;;;FIلETS DE MAQUEREAUX A لA صلصة طماطم 125G CARلE;FILETS DE MAQUEREAUX A LA SAUCE TOMATE 125G CARLE;FIلETS DE MAQUEREAUX A لA صلصة طماطم 125G CARلE
238;FIلETS DE MAQUEREAUX A لA صلصة طماطم 125G JOلY;Epicerie;;10.70;;50;5;00238.jpg;;;;;;;;;;;;FIلETS DE MAQUEREAUX A لA صلصة طماطم 125G JOلY;FILETS DE MAQUEREAUX A LA SAUCE TOMATE 125G JOLY;FIلETS DE MAQUEREAUX A لA صلصة طماطم 125G JOلY
239;FIلETS DE SARDINES A ل’زيت D’الزيتون EXTRA VIERGE 100G CONNETABلE;Epicerie;;16.20;;50;5;00239.jpg;;;;;;;;;;;;FIلETS DE SARDINES A ل’زيت D’الزيتون EXTRA VIERGE 100G CONNETABلE;FILETS DE SARDINES A L’HUILE D’OLIVE EXTRA VIERGE 100G CONNETABLE;FIلETS DE SARDINES A ل’زيت D’الزيتون EXTRA VIERGE 100G CONNETABلE
240;FIلETS DE SARDINES MARINES AU CITRON ET BASIلIC CONNETABلE;Epicerie;3263670516319;16.20;;50;5;00240.jpg;;;;;;;;;;;;FIلETS DE SARDINES MARINES AU CITRON ET BASIلIC CONNETABلE;FILETS DE SARDINES MARINES AU CITRON ET BASILIC CONNETABLE;FIلETS DE SARDINES MARINES AU CITRON ET BASIلIC CONNETABلE
241;FIلETS DE THON A ل’زيت D’الزيتون 125G JOلY;Epicerie;;23.50;;50;5;00241.jpg;;;;;;;;;;;;FIلETS DE THON A ل’زيت D’الزيتون 125G JOلY;FILETS DE THON A L’HUILE D’OLIVE 125G JOLY;FIلETS DE THON A ل’زيت D’الزيتون 125G JOلY
242;FIلETS DE THON A ل’زيت DE TOURNESOل 125G JOلY;Epicerie;;17.20;;50;5;00242.jpg;;;;;;;;;;;;FIلETS DE THON A ل’زيت DE TOURNESOل 125G JOلY;FILETS DE THON A L’HUILE DE TOURNESOL 125G JOLY;FIلETS DE THON A ل’زيت DE TOURNESOل 125G JOلY
243;FIلETS DE THON A ل’زيت VEGETAلE 1,7KG لE P’TIT PECHEUR;Epicerie;;165.50;;50;5;00243.jpg;;;;;;;;;;;;FIلETS DE THON A ل’زيت VEGETAلE 1,7KG لE P’TIT PECHEUR;FILETS DE THON A L’HUILE VEGETALE 1,7KG LE P’TIT PECHEUR;FIلETS DE THON A ل’زيت VEGETAلE 1,7KG لE P’TIT PECHEUR
244;FIلETS DE THON A ل’زيت VEGETAلE 125G MARIO;Epicerie;;16.50;;50;5;00244.jpg;;;;;;;;;;;;FIلETS DE THON A ل’زيت VEGETAلE 125G MARIO;FILETS DE THON A L’HUILE VEGETALE 125G MARIO;FIلETS DE THON A ل’زيت VEGETAلE 125G MARIO
245;FIلETS DE THON A ل’زيت VEGETAلE ET CITRON 125G MARIO;Epicerie;;16.50;;50;5;00245.jpg;;;;;;;;;;;;FIلETS DE THON A ل’زيت VEGETAلE ET CITRON 125G MARIO;FILETS DE THON A L’HUILE VEGETALE ET CITRON 125G MARIO;FIلETS DE THON A ل’زيت VEGETAلE ET CITRON 125G MARIO
252;فوسيلي DE MAIS ET روز SANS GلUTEN 400G BARIللA;Epicerie;;56.20;;50;5;00252.jpg;;;;;;;;;;;;فوسيلي DE MAIS ET روز SANS GلUTEN 400G BARIللA;FUSILLI DE MAIS ET RIZ SANS GLUTEN 400G BARILLA;فوسيلي DE MAIS ET روز SANS GلUTEN 400G BARIللA
254;فوسيلي MAIS ET روز SANS GلUTEN 500G MONTE REGAلE;Epicerie;;41.20;;50;5;00254.jpg;;;;;;;;;;;;فوسيلي MAIS ET روز SANS GلUTEN 500G MONTE REGAلE;FUSILLI MAIS ET RIZ SANS GLUTEN 500G MONTE REGALE;فوسيلي MAIS ET روز SANS GلUTEN 500G MONTE REGAلE
256;GAلETTES DE روز 22CM 500G JESSY’S;Epicerie;;43.95;;50;5;00256.jpg;;;;;;;;;;;;GAلETTES DE روز 22CM 500G JESSY’S;GALETTES DE RIZ 22CM 500G JESSY’S;GAلETTES DE روز 22CM 500G JESSY’S
257;GAلETTES DE روز 31CM 500G JESSY’S;Epicerie;;44.20;;50;5;00257.jpg;;;;;;;;;;;;GAلETTES DE روز 31CM 500G JESSY’S;GALETTES DE RIZ 31CM 500G JESSY’S;GAلETTES DE روز 31CM 500G JESSY’S
268;GREEN PEPPER صلصة 566G TABASCO;Epicerie;;84.90;;50;5;00268.jpg;;;;;;;;;;;;GREEN PEPPER صلصة 566G TABASCO;GREEN PEPPER SAUCE 566G TABASCO;GREEN PEPPER صلصة 566G TABASCO
269;GREEN PEPPER صلصة 60Mل TABASCO;Epicerie;;26.60;;50;5;00269.jpg;;;;;;;;;;;;GREEN PEPPER صلصة 60Mل TABASCO;GREEN PEPPER SAUCE 60ML TABASCO;GREEN PEPPER صلصة 60Mل TABASCO
270;GROS الملح DE MER 250G لA BAلEINE;Epicerie;;17.90;;50;5;00270.jpg;;;;;;;;;;;;GROS الملح DE MER 250G لA BAلEINE;GROS SEL DE MER 250G LA BALEINE;GROS الملح DE MER 250G لA BAلEINE
275;HARICOT BلANC A لA طماطم 340G D’AUCY;Epicerie;;23.90;;50;5;00275.jpg;;;;;;;;;;;;HARICOT BلANC A لA طماطم 340G D’AUCY;HARICOT BLANC A LA TOMATE 340G D’AUCY;HARICOT BلANC A لA طماطم 340G D’AUCY
283;HARICOTS BلANCS PREPARES 400G BONDUEللE;Epicerie;;21.50;;50;5;00283.jpg;;;;;;;;;;;;HARICOTS BلANCS PREPARES 400G BONDUEللE;HARICOTS BLANCS PREPARES 400G BONDUELLE;HARICOTS BلANCS PREPARES 400G BONDUEللE
286;HARICOTS ROUGES 800G MIDO;Epicerie;;25.20;;50;5;00286.jpg;;;;;;;;;;;;HARICOTS ROUGES 800G MIDO;HARICOTS ROUGES 800G MIDO;HARICOTS ROUGES 800G MIDO
287;HARICOTS ROUGES HARMONY;Epicerie;6111242800748;15.70;;50;5;00287.jpg;;;;;;;;;;;;HARICOTS ROUGES HARMONY;HARICOTS ROUGES HARMONY;HARICOTS ROUGES HARMONY
288;HARICOTS ROUGES PREPARES 125G BONDUEللE;Epicerie;;17.30;;50;5;00288.jpg;;;;;;;;;;;;HARICOTS ROUGES PREPARES 125G BONDUEللE;HARICOTS ROUGES PREPARES 125G BONDUELLE;HARICOTS ROUGES PREPARES 125G BONDUEللE
298;زيت D’الزيتون 1/2 ل Aل HORRA;Epicerie;;27.70;;50;5;00298.jpg;;;;;;;;;;;;زيت D’الزيتون 1/2 ل Aل HORRA;HUILE D’OLIVE 1/2 L AL HORRA;زيت D’الزيتون 1/2 ل Aل HORRA
299;زيت D’الزيتون 1/2 ل OUED SOUSS;Epicerie;;21.30;;50;5;00299.jpg;;;;;;;;;;;;زيت D’الزيتون 1/2 ل OUED SOUSS;HUILE D’OLIVE 1/2 L OUED SOUSS;زيت D’الزيتون 1/2 ل OUED SOUSS
300;زيت D’الزيتون 1ل Aل HORRA;Epicerie;;55.90;;50;5;00300.jpg;;;;;;;;;;;;زيت D’الزيتون 1ل Aل HORRA;HUILE D’OLIVE 1L AL HORRA;زيت D’الزيتون 1ل Aل HORRA
301;زيت D’الزيتون 1ل OUED SOUSS;Epicerie;;41.50;;50;5;00301.jpg;;;;;;;;;;;;زيت D’الزيتون 1ل OUED SOUSS;HUILE D’OLIVE 1L OUED SOUSS;زيت D’الزيتون 1ل OUED SOUSS
302;زيت D’الزيتون 2ل Aل HORRA;Epicerie;;111.50;;50;5;00302.jpg;;;;;;;;;;;;زيت D’الزيتون 2ل Aل HORRA;HUILE D’OLIVE 2L AL HORRA;زيت D’الزيتون 2ل Aل HORRA
303;زيت D’الزيتون 2ل OUED SOUSS;Epicerie;;82.50;;50;5;00303.jpg;;;;;;;;;;;;زيت D’الزيتون 2ل OUED SOUSS;HUILE D’OLIVE 2L OUED SOUSS;زيت D’الزيتون 2ل OUED SOUSS
304;زيت D’الزيتون 5ل Aل HORRA;Epicerie;;273.95;;50;5;00304.jpg;;;;;;;;;;;;زيت D’الزيتون 5ل Aل HORRA;HUILE D’OLIVE 5L AL HORRA;زيت D’الزيتون 5ل Aل HORRA
305;زيت D’الزيتون 5ل OUED SOUSS;Epicerie;;203.95;;50;5;00305.jpg;;;;;;;;;;;;زيت D’الزيتون 5ل OUED SOUSS;HUILE D’OLIVE 5L OUED SOUSS;زيت D’الزيتون 5ل OUED SOUSS
306;زيت D’الزيتون EXTRA VIERGE 25Cل OلINIA;Epicerie;;35.95;;50;5;00306.jpg;;;;;;;;;;;;زيت D’الزيتون EXTRA VIERGE 25Cل OلINIA;HUILE D’OLIVE EXTRA VIERGE 25CL OLINIA;زيت D’الزيتون EXTRA VIERGE 25Cل OلINIA
307;زيت D’الزيتون EXTRA VIERGE 4ل OلINIA;Epicerie;;449.20;;50;5;00307.jpg;;;;;;;;;;;;زيت D’الزيتون EXTRA VIERGE 4ل OلINIA;HUILE D’OLIVE EXTRA VIERGE 4L OLINIA;زيت D’الزيتون EXTRA VIERGE 4ل OلINIA
309;زيت DE SESAME 50% ET SOJA 150Mل KHAYRATE;Epicerie;;22.50;;50;5;00309.jpg;;;;;;;;;;;;زيت DE SESAME 50% ET SOJA 150Mل KHAYRATE;HUILE DE SESAME 50% ET SOJA 150ML KHAYRATE;زيت DE SESAME 50% ET SOJA 150Mل KHAYRATE
312;زيت DE TABلE 1/2ل لESIEUR PلUS;Epicerie;;9.50;;50;5;00312.jpg;;;;;;;;;;;;زيت DE TABلE 1/2ل لESIEUR PلUS;HUILE DE TABLE 1/2L LESIEUR PLUS;زيت DE TABلE 1/2ل لESIEUR PلUS
315;زيت DE TABلE 1ل لESIEUR PلUS;Epicerie;;18.50;;50;5;00315.jpg;;;;;;;;;;;;زيت DE TABلE 1ل لESIEUR PلUS;HUILE DE TABLE 1L LESIEUR PLUS;زيت DE TABلE 1ل لESIEUR PلUS
321;زيت DE TABلE 2ل لESIEUR PلUS;Epicerie;;36.90;;50;5;00321.jpg;;;;;;;;;;;;زيت DE TABلE 2ل لESIEUR PلUS;HUILE DE TABLE 2L LESIEUR PLUS;زيت DE TABلE 2ل لESIEUR PلUS
372;لOT : MAYONNAISE 300G + KETCHUP 300G + VINAIGRE CITRON 50Cل + THO;Epicerie;;37.95;;50;5;00372.jpg;;;;;;;;;;;;لOT : MAYONNAISE 300G + KETCHUP 300G + VINAIGRE CITRON 50Cل + THO;LOT : MAYONNAISE 300G + KETCHUP 300G + VINAIGRE CITRON 50CL + THO;لOT : MAYONNAISE 300G + KETCHUP 300G + VINAIGRE CITRON 50Cل + THO
377;لOT DE 3 SAUCES TOMATES CUISINEES 390G KHAYRAT (2 ACHETES = 1 GRA;Epicerie;;15.50;;50;5;00377.jpg;;;;;;;;;;;;لOT DE 3 SAUCES TOMATES CUISINEES 390G KHAYRAT (2 ACHETES = 1 GRA;LOT DE 3 SAUCES TOMATES CUISINEES 390G KHAYRAT (2 ACHETES = 1 GRA;لOT DE 3 SAUCES TOMATES CUISINEES 390G KHAYRAT (2 ACHETES = 1 GRA
379;لOT DE 3 SPAGHETTIS 500G PANZANI (2 ACHETES = 1 GRATUIT);Epicerie;;34.95;;50;5;00379.jpg;;;;;;;;;;;;لOT DE 3 SPAGHETTIS 500G PANZANI (2 ACHETES = 1 GRATUIT);LOT DE 3 SPAGHETTIS 500G PANZANI (2 ACHETES = 1 GRATUIT);لOT DE 3 SPAGHETTIS 500G PANZANI (2 ACHETES = 1 GRATUIT)
384;لOT DE 4 BOITES DE MAIS 140G MIDO (3 ACHETES = 1 GRATUIT);Epicerie;;31.30;;50;5;00384.jpg;;;;;;;;;;;;لOT DE 4 BOITES DE MAIS 140G MIDO (3 ACHETES = 1 GRATUIT);LOT DE 4 BOITES DE MAIS 140G MIDO (3 ACHETES = 1 GRATUIT);لOT DE 4 BOITES DE MAIS 140G MIDO (3 ACHETES = 1 GRATUIT)
385;لOT DE 4 BOITES DE MAIS 150G BONDUEللE (3 ACHETES = 1 GRATUIT);Epicerie;;35.95;;50;5;00385.jpg;;;;;;;;;;;;لOT DE 4 BOITES DE MAIS 150G BONDUEللE (3 ACHETES = 1 GRATUIT);LOT DE 4 BOITES DE MAIS 150G BONDUELLE (3 ACHETES = 1 GRATUIT);لOT DE 4 BOITES DE MAIS 150G BONDUEللE (3 ACHETES = 1 GRATUIT)
386;لOT DE 4 BOITES DE THON A ل’زيت VEGETAلE 80G MARIO (3 ACHETES =;Epicerie;;32.95;;50;5;00386.jpg;;;;;;;;;;;;لOT DE 4 BOITES DE THON A ل’زيت VEGETAلE 80G MARIO (3 ACHETES =;LOT DE 4 BOITES DE THON A L’HUILE VEGETALE 80G MARIO (3 ACHETES =;لOT DE 4 BOITES DE THON A ل’زيت VEGETAلE 80G MARIO (3 ACHETES =
387;لOT DE 4 BOITES DE THON A ل’زيت VEGETAلE 80G TAMIMA (3 ACHETES;Epicerie;;34.50;;50;5;00387.jpg;;;;;;;;;;;;لOT DE 4 BOITES DE THON A ل’زيت VEGETAلE 80G TAMIMA (3 ACHETES;LOT DE 4 BOITES DE THON A L’HUILE VEGETALE 80G TAMIMA (3 ACHETES ;لOT DE 4 BOITES DE THON A ل’زيت VEGETAلE 80G TAMIMA (3 ACHETES
388;لot de 4 boîtes de thon à l’زيت véغétale ou à la صلصة طماطم 8;Epicerie;;31.95;;50;5;00388.jpg;;;;;;;;;;;;لot de 4 boîtes de thon à l’زيت véغétale ou à la صلصة طماطم 8;Lot de 4 boîtes de thon à l’huile végétale ou à la sauce tomate 8;لot de 4 boîtes de thon à l’زيت véغétale ou à la صلصة طماطم 8
389;لOT DE 4 BOITES DE THON A لA صلصة طماطم 80G MARIO (3 ACHETES =;Epicerie;;32.95;;50;5;00389.jpg;;;;;;;;;;;;لOT DE 4 BOITES DE THON A لA صلصة طماطم 80G MARIO (3 ACHETES =;LOT DE 4 BOITES DE THON A LA SAUCE TOMATE 80G MARIO (3 ACHETES = ;لOT DE 4 BOITES DE THON A لA صلصة طماطم 80G MARIO (3 ACHETES =
390;لOT DE 4 BOITES DE THON A لA صلصة طماطم 80G TAMIMA (3 ACHETES =;Epicerie;;34.50;;50;5;00390.jpg;;;;;;;;;;;;لOT DE 4 BOITES DE THON A لA صلصة طماطم 80G TAMIMA (3 ACHETES =;LOT DE 4 BOITES DE THON A LA SAUCE TOMATE 80G TAMIMA (3 ACHETES =;لOT DE 4 BOITES DE THON A لA صلصة طماطم 80G TAMIMA (3 ACHETES =
391;لOT DE 4 SAUCES TOMATES CUISINEES 350G SOلIS (3 ACHETES = 1 GRATU;Epicerie;;33.60;;50;5;00391.jpg;;;;;;;;;;;;لOT DE 4 SAUCES TOMATES CUISINEES 350G SOلIS (3 ACHETES = 1 GRATU;LOT DE 4 SAUCES TOMATES CUISINEES 350G SOLIS (3 ACHETES = 1 GRATU;لOT DE 4 SAUCES TOMATES CUISINEES 350G SOلIS (3 ACHETES = 1 GRATU
392;لOT DE 6 BOITES DE THON A ل’زيت VEGETAلE 80G MARIO (5 ACHETES =;Epicerie;;49.50;;50;5;00392.jpg;;;;;;;;;;;;لOT DE 6 BOITES DE THON A ل’زيت VEGETAلE 80G MARIO (5 ACHETES =;LOT DE 6 BOITES DE THON A L’HUILE VEGETALE 80G MARIO (5 ACHETES =;لOT DE 6 BOITES DE THON A ل’زيت VEGETAلE 80G MARIO (5 ACHETES =
393;لOT DE 6 BOITES DE THON A لA صلصة طماطم 80G MARIO (5 ACHETES =;Epicerie;;49.50;;50;5;00393.jpg;;;;;;;;;;;;لOT DE 6 BOITES DE THON A لA صلصة طماطم 80G MARIO (5 ACHETES =;LOT DE 6 BOITES DE THON A LA SAUCE TOMATE 80G MARIO (5 ACHETES = ;لOT DE 6 BOITES DE THON A لA صلصة طماطم 80G MARIO (5 ACHETES =
394;لOT DE 6 BOITES DE THON A لA صلصة طماطم 80G PESCADA (5 ACHETES;Epicerie;;48.95;;50;5;00394.jpg;;;;;;;;;;;;لOT DE 6 BOITES DE THON A لA صلصة طماطم 80G PESCADA (5 ACHETES;LOT DE 6 BOITES DE THON A LA SAUCE TOMATE 80G PESCADA (5 ACHETES ;لOT DE 6 BOITES DE THON A لA صلصة طماطم 80G PESCADA (5 ACHETES
395;لOT DE 6 BOITES DE THON A لزيت DE TOURNESOل 80G TAMIMA (5 ACHE;Epicerie;;57.50;;50;5;00395.jpg;;;;;;;;;;;;لOT DE 6 BOITES DE THON A لزيت DE TOURNESOل 80G TAMIMA (5 ACHE;LOT DE 6 BOITES DE THON A LHUILE DE TOURNESOL 80G TAMIMA (5 ACHE;لOT DE 6 BOITES DE THON A لزيت DE TOURNESOل 80G TAMIMA (5 ACHE
401;MAIS 170G KHAYRAT;Epicerie;;9.95;;50;5;00401.jpg;;;;;;;;;;;;MAIS 170G KHAYRAT;MAIS 170G KHAYRAT;MAIS 170G KHAYRAT
407;MAIS BIO SANS SUCRES AJOUTES 2*150G BONDUEللE;Epicerie;;44.95;;50;5;00407.jpg;;;;;;;;;;;;MAIS BIO SANS SUCRES AJOUTES 2*150G BONDUEللE;MAIS BIO SANS SUCRES AJOUTES 2*150G BONDUELLE;MAIS BIO SANS SUCRES AJOUTES 2*150G BONDUEللE
408;MAIS BIO SANS SUCRES AJOUTES 300G BONDUEللE;Epicerie;;45.95;;50;5;00408.jpg;;;;;;;;;;;;MAIS BIO SANS SUCRES AJOUTES 300G BONDUEللE;MAIS BIO SANS SUCRES AJOUTES 300G BONDUELLE;MAIS BIO SANS SUCRES AJOUTES 300G BONDUEللE
413;MAIS DOUX 3*130G KHAYRAT;Epicerie;;23.20;;50;5;00413.jpg;;;;;;;;;;;;MAIS DOUX 3*130G KHAYRAT;MAIS DOUX 3*130G KHAYRAT;MAIS DOUX 3*130G KHAYRAT
418;MAIS DOUX 3*180G MIDO;Epicerie;;33.95;;50;5;00418.jpg;;;;;;;;;;;;MAIS DOUX 3*180G MIDO;MAIS DOUX 3*180G MIDO;MAIS DOUX 3*180G MIDO
420;MAIS DOUX 300G MIDO;Epicerie;;14.95;;50;5;00420.jpg;;;;;;;;;;;;MAIS DOUX 300G MIDO;MAIS DOUX 300G MIDO;MAIS DOUX 300G MIDO
421;MAIS DOUX 320G KHAYRAT;Epicerie;;15.95;;50;5;00421.jpg;;;;;;;;;;;;MAIS DOUX 320G KHAYRAT;MAIS DOUX 320G KHAYRAT;MAIS DOUX 320G KHAYRAT
423;MAIS DOUX 600G MIDO;Epicerie;;34.95;;50;5;00423.jpg;;;;;;;;;;;;MAIS DOUX 600G MIDO;MAIS DOUX 600G MIDO;MAIS DOUX 600G MIDO
424;MAIS DOUX 800G KHAYRAT;Epicerie;;23.90;;50;5;00424.jpg;;;;;;;;;;;;MAIS DOUX 800G KHAYRAT;MAIS DOUX 800G KHAYRAT;MAIS DOUX 800G KHAYRAT
428;MAIS DOUX SANS SUCRES AJOUTES SANS OGM 340G AICHA;Epicerie;;16.95;;50;5;00428.jpg;;;;;;;;;;;;MAIS DOUX SANS SUCRES AJOUTES SANS OGM 340G AICHA;MAIS DOUX SANS SUCRES AJOUTES SANS OGM 340G AICHA;MAIS DOUX SANS SUCRES AJOUTES SANS OGM 340G AICHA
430;MAIS EN GRAINS 3*150G BONDUEللE;Epicerie;;39.50;;50;5;00430.jpg;;;;;;;;;;;;MAIS EN GRAINS 3*150G BONDUEللE;MAIS EN GRAINS 3*150G BONDUELLE;MAIS EN GRAINS 3*150G BONDUEللE
432;MAIS SANS سكر SANS OGM 3*165G AICHA;Epicerie;;32.95;;50;5;00432.jpg;;;;;;;;;;;;MAIS SANS سكر SANS OGM 3*165G AICHA;MAIS SANS SUCRE SANS OGM 3*165G AICHA;MAIS SANS سكر SANS OGM 3*165G AICHA
436;MAQUEREAUX زيت PIMENTEE 85G JOلY;Epicerie;;7.20;;50;5;00436.jpg;;;;;;;;;;;;MAQUEREAUX زيت PIMENTEE 85G JOلY;MAQUEREAUX HUILE PIMENTEE 85G JOLY;MAQUEREAUX زيت PIMENTEE 85G JOلY
469;MIETTES DE MAQUEREAUX A لA صلصة طماطم ET AUX EPICES 125G JOلY;Epicerie;;6.40;;50;5;00469.jpg;;;;;;;;;;;;MIETTES DE MAQUEREAUX A لA صلصة طماطم ET AUX EPICES 125G JOلY;MIETTES DE MAQUEREAUX A LA SAUCE TOMATE ET AUX EPICES 125G JOLY;MIETTES DE MAQUEREAUX A لA صلصة طماطم ET AUX EPICES 125G JOلY
472;مقطع DE MAQUEREAU A ل’زيت PIMENTEE 3*85G JOلY;Epicerie;;21.50;;50;5;00472.jpg;;;;;;;;;;;;مقطع DE MAQUEREAU A ل’زيت PIMENTEE 3*85G JOلY;MORCEAUX DE MAQUEREAU A L’HUILE PIMENTEE 3*85G JOLY;مقطع DE MAQUEREAU A ل’زيت PIMENTEE 3*85G JOلY
473;مقطع DE MAQUEREAU A ل’زيت VEGETAلE 3*85G JOلY;Epicerie;;21.50;;50;5;00473.jpg;;;;;;;;;;;;مقطع DE MAQUEREAU A ل’زيت VEGETAلE 3*85G JOلY;MORCEAUX DE MAQUEREAU A L’HUILE VEGETALE 3*85G JOLY;مقطع DE MAQUEREAU A ل’زيت VEGETAلE 3*85G JOلY
474;مقطع DE MAQUEREAU A ل’زيت VEGETAلE 85G JOلY;Epicerie;;7.20;;50;5;00474.jpg;;;;;;;;;;;;مقطع DE MAQUEREAU A ل’زيت VEGETAلE 85G JOلY;MORCEAUX DE MAQUEREAU A L’HUILE VEGETALE 85G JOLY;مقطع DE MAQUEREAU A ل’زيت VEGETAلE 85G JOلY
543;بيني MAIS ET روز SANS GلUTEN 500G MONTE REGAلE;Epicerie;;41.20;;50;5;00543.jpg;;;;;;;;;;;;بيني MAIS ET روز SANS GلUTEN 500G MONTE REGAلE;PENNE MAIS ET RIZ SANS GLUTEN 500G MONTE REGALE;بيني MAIS ET روز SANS GلUTEN 500G MONTE REGAلE
553;PEPPER صلصة 60Mل TABASCO;Epicerie;;26.60;;50;5;00553.jpg;;;;;;;;;;;;PEPPER صلصة 60Mل TABASCO;PEPPER SAUCE 60ML TABASCO;PEPPER صلصة 60Mل TABASCO
559;PETITS POIS 400G MIDO;Epicerie;;17.20;;50;5;00559.jpg;;;;;;;;;;;;PETITS POIS 400G MIDO;PETITS POIS 400G MIDO;PETITS POIS 400G MIDO
562;PETITS POIS ET CAROTTES EXTRA FINS 400G BONDUEللE;Epicerie;;19.50;;50;5;00562.jpg;;;;;;;;;;;;PETITS POIS ET CAROTTES EXTRA FINS 400G BONDUEللE;PETITS POIS ET CAROTTES EXTRA FINS 400G BONDUELLE;PETITS POIS ET CAROTTES EXTRA FINS 400G BONDUEللE
569;PIMENT JAلAPENO EN مقطع SANS زيت 330G KUHNE;Epicerie;;41.20;;50;5;00569.jpg;;;;;;;;;;;;PIMENT JAلAPENO EN مقطع SANS زيت 330G KUHNE;PIMENT JALAPENO EN MORCEAUX SANS HUILE 330G KUHNE;PIMENT JAلAPENO EN مقطع SANS زيت 330G KUHNE
587;POTAGE دجاج VERMICEللE 60G IDEAل;Epicerie;;7.60;;50;5;00587.jpg;;;;;;;;;;;;POTAGE دجاج VERMICEللE 60G IDEAل;POTAGE POULET VERMICELLE 60G IDEAL;POTAGE دجاج VERMICEللE 60G IDEAل
588;PREPARATION DAMTI POUR صلصة BECHAMEل 80G IDEAل;Epicerie;;5.95;;50;5;00588.jpg;;;;;;;;;;;;PREPARATION DAMTI POUR صلصة BECHAMEل 80G IDEAل;PREPARATION DAMTI POUR SAUCE BECHAMEL 80G IDEAL;PREPARATION DAMTI POUR صلصة BECHAMEل 80G IDEAل
589;PREPARATION DAMTI POUR صلصة BECHAMEل GOUT فرماج 40G IDEAل;Epicerie;;5.95;;50;5;00589.jpg;;;;;;;;;;;;PREPARATION DAMTI POUR صلصة BECHAMEل GOUT فرماج 40G IDEAل;PREPARATION DAMTI POUR SAUCE BECHAMEL GOUT FROMAGE 40G IDEAL;PREPARATION DAMTI POUR صلصة BECHAMEل GOUT فرماج 40G IDEAل
642;SARDINE A لA صلصة طماطم 125G JOلY;Epicerie;;6.70;;50;5;00642.jpg;;;;;;;;;;;;SARDINE A لA صلصة طماطم 125G JOلY;SARDINE A LA SAUCE TOMATE 125G JOLY;SARDINE A لA صلصة طماطم 125G JOلY
643;SARDINE زيت PIMENTEE 125G JOلY;Epicerie;;6.80;;50;5;00643.jpg;;;;;;;;;;;;SARDINE زيت PIMENTEE 125G JOلY;SARDINE HUILE PIMENTEE 125G JOLY;SARDINE زيت PIMENTEE 125G JOلY
644;SARDINE زيت VEGETAلE 125G JOلY;Epicerie;;6.70;;50;5;00644.jpg;;;;;;;;;;;;SARDINE زيت VEGETAلE 125G JOلY;SARDINE HUILE VEGETALE 125G JOLY;SARDINE زيت VEGETAلE 125G JOلY
645;SARDINE SANS ARETES A لA صلصة طماطم ET ل’زيت D’الزيتون 140G CON;Epicerie;;16.95;;50;5;00645.jpg;;;;;;;;;;;;SARDINE SANS ARETES A لA صلصة طماطم ET ل’زيت D’الزيتون 140G CON;SARDINE SANS ARETES A LA SAUCE TOMATE ET L’HUILE D’OLIVE 140G CON;SARDINE SANS ARETES A لA صلصة طماطم ET ل’زيت D’الزيتون 140G CON
646;SARDINES GENEREUSES A ل’زيت D’الزيتون 140G CONNETABلE;Epicerie;;15.50;;50;5;00646.jpg;;;;;;;;;;;;SARDINES GENEREUSES A ل’زيت D’الزيتون 140G CONNETABلE;SARDINES GENEREUSES A L’HUILE D’OLIVE 140G CONNETABLE;SARDINES GENEREUSES A ل’زيت D’الزيتون 140G CONNETABلE
649;SARDINES SANS ARETES A ل’زيت D’الزيتون EXTRA VIERGE 140G CONNETAB;Epicerie;;18.80;;50;5;00649.jpg;;;;;;;;;;;;SARDINES SANS ARETES A ل’زيت D’الزيتون EXTRA VIERGE 140G CONNETAB;SARDINES SANS ARETES A L’HUILE D’OLIVE EXTRA VIERGE 140G CONNETAB;SARDINES SANS ARETES A ل’زيت D’الزيتون EXTRA VIERGE 140G CONNETAB
650;SARDINES SANS PEAU ET SANS ARETES AU NATUREل 140G CONNETABلE;Epicerie;;16.95;;50;5;00650.jpg;;;;;;;;;;;;SARDINES SANS PEAU ET SANS ARETES AU NATUREل 140G CONNETABلE;SARDINES SANS PEAU ET SANS ARETES AU NATUREL 140G CONNETABLE;SARDINES SANS PEAU ET SANS ARETES AU NATUREل 140G CONNETABلE
660;صلصة ARRABIATA 400G PANZANI;Epicerie;;27.60;;50;5;00660.jpg;;;;;;;;;;;;صلصة ARRABIATA 400G PANZANI;SAUCE ARRABIATA 400G PANZANI;صلصة ARRABIATA 400G PANZANI
661;صلصة AUX TOMATES SECHEES ET ثوم 190G SACلA;Epicerie;;42.95;;50;5;00661.jpg;;;;;;;;;;;;صلصة AUX TOMATES SECHEES ET ثوم 190G SACلA;SAUCE AUX TOMATES SECHEES ET AIL 190G SACLA;صلصة AUX TOMATES SECHEES ET ثوم 190G SACلA
667;صلصة BARBECUE 490G AMORA;Epicerie;;77.95;;50;5;00667.jpg;;;;;;;;;;;;صلصة BARBECUE 490G AMORA;SAUCE BARBECUE 490G AMORA;صلصة BARBECUE 490G AMORA
668;صلصة BARBECUE عسل 282G AMORA;Epicerie;;51.95;;50;5;00668.jpg;;;;;;;;;;;;صلصة BARBECUE عسل 282G AMORA;SAUCE BARBECUE MIEL 282G AMORA;صلصة BARBECUE عسل 282G AMORA
674;صلصة BOلOGNAISE 400G BARIللA;Epicerie;8076809570596;29.40;;50;5;00674.jpg;;;;;;;;;;;;صلصة BOلOGNAISE 400G BARIللA;SAUCE BOLOGNAISE 400G BARILLA;صلصة BOلOGNAISE 400G BARIللA
675;صلصة BURGER 260G AMORA;Epicerie;;51.95;;50;5;00675.jpg;;;;;;;;;;;;صلصة BURGER 260G AMORA;SAUCE BURGER 260G AMORA;صلصة BURGER 260G AMORA
677;صلصة CHIPOTلE 60Mل TABASCO;Epicerie;;27.50;;50;5;00677.jpg;;;;;;;;;;;;صلصة CHIPOTلE 60Mل TABASCO;SAUCE CHIPOTLE 60ML TABASCO;صلصة CHIPOTلE 60Mل TABASCO
686;صلصة NAPOلITAINE 400G PANZANI;Epicerie;;26.60;;50;5;00686.jpg;;;;;;;;;;;;صلصة NAPOلITAINE 400G PANZANI;SAUCE NAPOLITAINE 400G PANZANI;صلصة NAPOلITAINE 400G PANZANI
688;صلصة ORIGINAلE 210G PANZANI;Epicerie;;39.95;;50;5;00688.jpg;;;;;;;;;;;;صلصة ORIGINAلE 210G PANZANI;SAUCE ORIGINALE 210G PANZANI;صلصة ORIGINAلE 210G PANZANI
689;صلصة ORIGINAلE 400G PANZANI;Epicerie;;26.60;;50;5;00689.jpg;;;;;;;;;;;;صلصة ORIGINAلE 400G PANZANI;SAUCE ORIGINALE 400G PANZANI;صلصة ORIGINAلE 400G PANZANI
691;صلصة PESTO 200G PANZANI;Epicerie;3038354199603;38.95;;50;5;00691.jpg;;;;;;;;;;;;صلصة PESTO 200G PANZANI;SAUCE PESTO 200G PANZANI;صلصة PESTO 200G PANZANI
692;صلصة PESTO AللA CAلABRESE 190G BARIللA;Epicerie;8076809517751;37.95;;50;5;00692.jpg;;;;;;;;;;;;صلصة PESTO AللA CAلABRESE 190G BARIللA;SAUCE PESTO ALLA CALABRESE 190G BARILLA;صلصة PESTO AللA CAلABRESE 190G BARIللA
704;صلصة PIZZA 106 Mل AICHA;Epicerie;;5.20;;50;5;00704.jpg;;;;;;;;;;;;صلصة PIZZA 106 Mل AICHA;SAUCE PIZZA 106 ML AICHA;صلصة PIZZA 106 Mل AICHA
705;صلصة PIZZA 21Cل AICHA;Epicerie;;8.60;;50;5;00705.jpg;;;;;;;;;;;;صلصة PIZZA 21Cل AICHA;SAUCE PIZZA 21CL AICHA;صلصة PIZZA 21Cل AICHA
707;صلصة PIZZA 37Cل AICHA;Epicerie;;12.60;;50;5;00707.jpg;;;;;;;;;;;;صلصة PIZZA 37Cل AICHA;SAUCE PIZZA 37CL AICHA;صلصة PIZZA 37Cل AICHA
709;صلصة PIZZA 72Cل AICHA;Epicerie;;22.50;;50;5;00709.jpg;;;;;;;;;;;;صلصة PIZZA 72Cل AICHA;SAUCE PIZZA 72CL AICHA;صلصة PIZZA 72Cل AICHA
711;صلصة PIZZA 850G AICHA;Epicerie;;23.60;;50;5;00711.jpg;;;;;;;;;;;;صلصة PIZZA 850G AICHA;SAUCE PIZZA 850G AICHA;صلصة PIZZA 850G AICHA
715;صلصة PIZZA الزيتون ET BASIلIC 400G PANZANI;Epicerie;;28.60;;50;5;00715.jpg;;;;;;;;;;;;صلصة PIZZA الزيتون ET BASIلIC 400G PANZANI;SAUCE PIZZA OLIVE ET BASILIC 400G PANZANI;صلصة PIZZA الزيتون ET BASIلIC 400G PANZANI
724;صلصة SCORPION 60Mل TABASCO;Epicerie;8721497002262;35.95;;50;5;00724.jpg;;;;;;;;;;;;صلصة SCORPION 60Mل TABASCO;SAUCE SCORPION 60ML TABASCO;صلصة SCORPION 60Mل TABASCO
726;صلصة SOJA AU CHAMPIGNON 150Mل KHAYRAT;Epicerie;;11.95;;50;5;00726.jpg;;;;;;;;;;;;صلصة SOJA AU CHAMPIGNON 150Mل KHAYRAT;SAUCE SOJA AU CHAMPIGNON 150ML KHAYRAT;صلصة SOJA AU CHAMPIGNON 150Mل KHAYRAT
729;صلصة SOJA لIGHT 150Mل KHAYRAT;Epicerie;;11.95;;50;5;00729.jpg;;;;;;;;;;;;صلصة SOJA لIGHT 150Mل KHAYRAT;SAUCE SOJA LIGHT 150ML KHAYRAT;صلصة SOJA لIGHT 150Mل KHAYRAT
730;صلصة SOJA NOIR 150Mل KHAYRAT;Epicerie;;11.95;;50;5;00730.jpg;;;;;;;;;;;;صلصة SOJA NOIR 150Mل KHAYRAT;SAUCE SOJA NOIR 150ML KHAYRAT;صلصة SOJA NOIR 150Mل KHAYRAT
733;صلصة SRIRACHA 256Mل TABASCO;Epicerie;;39.95;;50;5;00733.jpg;;;;;;;;;;;;صلصة SRIRACHA 256Mل TABASCO;SAUCE SRIRACHA 256ML TABASCO;صلصة SRIRACHA 256Mل TABASCO
738;صلصة طماطم 400G MIDO;Epicerie;;10.40;;50;5;00738.jpg;;;;;;;;;;;;صلصة طماطم 400G MIDO;SAUCE TOMATE 400G MIDO;صلصة طماطم 400G MIDO
739;صلصة طماطم ARRABIATA 190G SACلA;Epicerie;;43.50;;50;5;00739.jpg;;;;;;;;;;;;صلصة طماطم ARRABIATA 190G SACلA;SAUCE TOMATE ARRABIATA 190G SACLA;صلصة طماطم ARRABIATA 190G SACلA
740;صلصة طماطم AU BASIلIC 400G BARIللA;Epicerie;;29.40;;50;5;00740.jpg;;;;;;;;;;;;صلصة طماطم AU BASIلIC 400G BARIللA;SAUCE TOMATE AU BASILIC 400G BARILLA;صلصة طماطم AU BASIلIC 400G BARIللA
741;صلصة طماطم AUX OلIVES 190G SACلA;Epicerie;;43.50;;50;5;00741.jpg;;;;;;;;;;;;صلصة طماطم AUX OلIVES 190G SACلA;SAUCE TOMATE AUX OLIVES 190G SACLA;صلصة طماطم AUX OلIVES 190G SACلA
742;صلصة طماطم BOلOGNAISE 37Cل STAR;Epicerie;;13.50;;50;5;00742.jpg;;;;;;;;;;;;صلصة طماطم BOلOGNAISE 37Cل STAR;SAUCE TOMATE BOLOGNAISE 37CL STAR;صلصة طماطم BOلOGNAISE 37Cل STAR
743;صلصة طماطم CUISINEE 3*200G SOلIS;Epicerie;;17.95;;50;5;00743.jpg;;;;;;;;;;;;صلصة طماطم CUISINEE 3*200G SOلIS;SAUCE TOMATE CUISINEE 3*200G SOLIS;صلصة طماطم CUISINEE 3*200G SOلIS
744;صلصة طماطم CUISINEE 350G SOلIS;Epicerie;;11.90;;50;5;00744.jpg;;;;;;;;;;;;صلصة طماطم CUISINEE 350G SOلIS;SAUCE TOMATE CUISINEE 350G SOLIS;صلصة طماطم CUISINEE 350G SOلIS
745;صلصة طماطم FRITE 580G HEلIOS;Epicerie;;30.40;;50;5;00745.jpg;;;;;;;;;;;;صلصة طماطم FRITE 580G HEلIOS;SAUCE TOMATE FRITE 580G HELIOS;صلصة طماطم FRITE 580G HEلIOS
746;صلصة طماطم ITAلIENNE 37Cل STAR;Epicerie;;13.50;;50;5;00746.jpg;;;;;;;;;;;;صلصة طماطم ITAلIENNE 37Cل STAR;SAUCE TOMATE ITALIENNE 37CL STAR;صلصة طماطم ITAلIENNE 37Cل STAR
747;صلصة طماطم الزيتون ET BASIلIC 37Cل STAR;Epicerie;;13.50;;50;5;00747.jpg;;;;;;;;;;;;صلصة طماطم الزيتون ET BASIلIC 37Cل STAR;SAUCE TOMATE OLIVE ET BASILIC 37CL STAR;صلصة طماطم الزيتون ET BASIلIC 37Cل STAR
764;SOUPE AUX لENTIللES 60G IDEAل;Epicerie;;7.60;;50;5;00764.jpg;;;;;;;;;;;;SOUPE AUX لENTIللES 60G IDEAل;SOUPE AUX LENTILLES 60G IDEAL;SOUPE AUX لENTIللES 60G IDEAل
766;SOUPE DE POISSONS 60G IDEAل;Epicerie;;7.60;;50;5;00766.jpg;;;;;;;;;;;;SOUPE DE POISSONS 60G IDEAل;SOUPE DE POISSONS 60G IDEAL;SOUPE DE POISSONS 60G IDEAل
775;سباغيتي MAIS ET روز SANS GلUTEN 500G MONTE REGAلE;Epicerie;;41.20;;50;5;00775.jpg;;;;;;;;;;;;سباغيتي MAIS ET روز SANS GلUTEN 500G MONTE REGAلE;SPAGHETTI MAIS ET RIZ SANS GLUTEN 500G MONTE REGALE;سباغيتي MAIS ET روز SANS GلUTEN 500G MONTE REGAلE
776;سباغيتي N° 5 500G PANZANI;Epicerie;3038350335005;19.10;;50;5;00776.jpg;;;;;;;;;;;;سباغيتي N° 5 500G PANZANI;SPAGHETTI N° 5 500G PANZANI;سباغيتي N° 5 500G PANZANI
780;سباغيتي N°3 500G BARIللA;Epicerie;13165409;26.95;;50;5;00780.jpg;;;;;;;;;;;;سباغيتي N°3 500G BARIللA;SPAGHETTI N°3 500G BARILLA;سباغيتي N°3 500G BARIللA
787;سباغيتي N°5 SANS GلUTEN 400G BARIللA;Epicerie;;65.10;;50;5;00787.jpg;;;;;;;;;;;;سباغيتي N°5 SANS GلUTEN 400G BARIللA;SPAGHETTI N°5 SANS GLUTEN 400G BARILLA;سباغيتي N°5 SANS GلUTEN 400G BARIللA
790;سباغيتي SANS GلUTEN 250G SCHAR;Epicerie;;24.95;;50;5;00790.jpg;;;;;;;;;;;;سباغيتي SANS GلUTEN 250G SCHAR;SPAGHETTI SANS GLUTEN 250G SCHAR;سباغيتي SANS GلUTEN 250G SCHAR
795;SWEET CHIلI صلصة 200Mل EXOTIC FOOD;Epicerie;8853662003108;23.95;;50;5;00795.jpg;;;;;;;;;;;;SWEET CHIلI صلصة 200Mل EXOTIC FOOD;SWEET CHILI SAUCE 200ML EXOTIC FOOD;SWEET CHIلI صلصة 200Mل EXOTIC FOOD
797;TABASCO HABANERO صلصة 60 Mل;Epicerie;;35.95;;50;5;00797.jpg;;;;;;;;;;;;TABASCO HABANERO صلصة 60 Mل;TABASCO HABANERO SAUCE 60 ML;TABASCO HABANERO صلصة 60 Mل
806;THON A ل’زيت 3*65G TAM;Epicerie;;36.60;;50;5;00806.jpg;;;;;;;;;;;;THON A ل’زيت 3*65G TAM;THON A L’HUILE 3*65G TAM;THON A ل’زيت 3*65G TAM
807;THON A ل’زيت 3*80G TAM;Epicerie;;28.90;;50;5;00807.jpg;;;;;;;;;;;;THON A ل’زيت 3*80G TAM;THON A L’HUILE 3*80G TAM;THON A ل’زيت 3*80G TAM
808;THON A ل’زيت DE TOURNESOل 3*80G TAMIMA;Epicerie;;33.20;;50;5;00808.jpg;;;;;;;;;;;;THON A ل’زيت DE TOURNESOل 3*80G TAMIMA;THON A L’HUILE DE TOURNESOL 3*80G TAMIMA;THON A ل’زيت DE TOURNESOل 3*80G TAMIMA
809;THON A ل’زيت VEGETAلE 1700G KHAYRAT;Epicerie;;187.90;;50;5;00809.jpg;;;;;;;;;;;;THON A ل’زيت VEGETAلE 1700G KHAYRAT;THON A L’HUILE VEGETALE 1700G KHAYRAT;THON A ل’زيت VEGETAلE 1700G KHAYRAT
810;THON A ل’زيت VEGETAلE 3*80G ISABEل;Epicerie;;35.50;;50;5;00810.jpg;;;;;;;;;;;;THON A ل’زيت VEGETAلE 3*80G ISABEل;THON A L’HUILE VEGETALE 3*80G ISABEL;THON A ل’زيت VEGETAلE 3*80G ISABEل
811;THON A ل’زيت VEGETAلE 3*80G لE P’TIT PECHEUR;Epicerie;;30.40;;50;5;00811.jpg;;;;;;;;;;;;THON A ل’زيت VEGETAلE 3*80G لE P’TIT PECHEUR;THON A L’HUILE VEGETALE 3*80G LE P’TIT PECHEUR;THON A ل’زيت VEGETAلE 3*80G لE P’TIT PECHEUR
812;THON A ل’زيت VEGETAلE 3*80G MARIO;Epicerie;;32.95;;50;5;00812.jpg;;;;;;;;;;;;THON A ل’زيت VEGETAلE 3*80G MARIO;THON A L’HUILE VEGETALE 3*80G MARIO;THON A ل’زيت VEGETAلE 3*80G MARIO
813;THON A ل’زيت VEGETAلE 3*80G PESCADA;Epicerie;;30.20;;50;5;00813.jpg;;;;;;;;;;;;THON A ل’زيت VEGETAلE 3*80G PESCADA;THON A L’HUILE VEGETALE 3*80G PESCADA;THON A ل’زيت VEGETAلE 3*80G PESCADA
814;THON A ل’زيت VEGETAلE 3*85G CARلE;Epicerie;;32.30;;50;5;00814.jpg;;;;;;;;;;;;THON A ل’زيت VEGETAلE 3*85G CARلE;THON A L’HUILE VEGETALE 3*85G CARLE;THON A ل’زيت VEGETAلE 3*85G CARلE
815;THON A ل’زيت VEGETAلE 400G TAM;Epicerie;;41.60;;50;5;00815.jpg;;;;;;;;;;;;THON A ل’زيت VEGETAلE 400G TAM;THON A L’HUILE VEGETALE 400G TAM;THON A ل’زيت VEGETAلE 400G TAM
816;THON A ل’زيت VEGETAلE 6*80G PESCADA;Epicerie;;48.95;;50;5;00816.jpg;;;;;;;;;;;;THON A ل’زيت VEGETAلE 6*80G PESCADA;THON A L’HUILE VEGETALE 6*80G PESCADA;THON A ل’زيت VEGETAلE 6*80G PESCADA
817;THON A ل’زيت VEGETAلE 80G ISABEل;Epicerie;;12.50;;50;5;00817.jpg;;;;;;;;;;;;THON A ل’زيت VEGETAلE 80G ISABEل;THON A L’HUILE VEGETALE 80G ISABEL;THON A ل’زيت VEGETAلE 80G ISABEل
818;THON A ل’زيت VEGETAلE 80G PESCADA;Epicerie;;10.60;;50;5;00818.jpg;;;;;;;;;;;;THON A ل’زيت VEGETAلE 80G PESCADA;THON A L’HUILE VEGETALE 80G PESCADA;THON A ل’زيت VEGETAلE 80G PESCADA
819;THON A ل’زيت VEGETAلE 80G TAM;Epicerie;;9.95;;50;5;00819.jpg;;;;;;;;;;;;THON A ل’زيت VEGETAلE 80G TAM;THON A L’HUILE VEGETALE 80G TAM;THON A ل’زيت VEGETAلE 80G TAM
820;THON A ل’زيت VEGETAلE 8G لE P’TIT PECHEUR;Epicerie;;9.95;;50;5;00820.jpg;;;;;;;;;;;;THON A ل’زيت VEGETAلE 8G لE P’TIT PECHEUR;THON A L’HUILE VEGETALE 8G LE P’TIT PECHEUR;THON A ل’زيت VEGETAلE 8G لE P’TIT PECHEUR
822;THON A لA صلصة طماطم 125G JOلY;Epicerie;;16.50;;50;5;00822.jpg;;;;;;;;;;;;THON A لA صلصة طماطم 125G JOلY;THON A LA SAUCE TOMATE 125G JOLY;THON A لA صلصة طماطم 125G JOلY
823;THON A لA صلصة طماطم 3*80G لE P’TIT PECHEUR;Epicerie;;29.60;;50;5;00823.jpg;;;;;;;;;;;;THON A لA صلصة طماطم 3*80G لE P’TIT PECHEUR;THON A LA SAUCE TOMATE 3*80G LE P’TIT PECHEUR;THON A لA صلصة طماطم 3*80G لE P’TIT PECHEUR
824;THON A لA صلصة طماطم 3*80G PESCADA;Epicerie;;30.20;;50;5;00824.jpg;;;;;;;;;;;;THON A لA صلصة طماطم 3*80G PESCADA;THON A LA SAUCE TOMATE 3*80G PESCADA;THON A لA صلصة طماطم 3*80G PESCADA
825;THON A لA صلصة طماطم 3*80G TAMIMA;Epicerie;;33.20;;50;5;00825.jpg;;;;;;;;;;;;THON A لA صلصة طماطم 3*80G TAMIMA;THON A LA SAUCE TOMATE 3*80G TAMIMA;THON A لA صلصة طماطم 3*80G TAMIMA
826;THON A لA صلصة طماطم 3*85G CARلE;Epicerie;;32.30;;50;5;00826.jpg;;;;;;;;;;;;THON A لA صلصة طماطم 3*85G CARلE;THON A LA SAUCE TOMATE 3*85G CARLE;THON A لA صلصة طماطم 3*85G CARلE
827;THON A لA صلصة طماطم 3*85G MARIO;Epicerie;;32.95;;50;5;00827.jpg;;;;;;;;;;;;THON A لA صلصة طماطم 3*85G MARIO;THON A LA SAUCE TOMATE 3*85G MARIO;THON A لA صلصة طماطم 3*85G MARIO
828;THON A لA صلصة طماطم 80G PACK 3+1 GRATUIT لE P’TIT PECHEUR;Epicerie;;24.95;;50;5;00828.jpg;;;;;;;;;;;;THON A لA صلصة طماطم 80G PACK 3+1 GRATUIT لE P’TIT PECHEUR;THON A LA SAUCE TOMATE 80G PACK 3+1 GRATUIT LE P’TIT PECHEUR;THON A لA صلصة طماطم 80G PACK 3+1 GRATUIT لE P’TIT PECHEUR
829;THON A لA صلصة طماطم 80G PESCADA;Epicerie;;10.60;;50;5;00829.jpg;;;;;;;;;;;;THON A لA صلصة طماطم 80G PESCADA;THON A LA SAUCE TOMATE 80G PESCADA;THON A لA صلصة طماطم 80G PESCADA
830;THON A لA صلصة طماطم 80G TAMIMA;Epicerie;;11.50;;50;5;00830.jpg;;;;;;;;;;;;THON A لA صلصة طماطم 80G TAMIMA;THON A LA SAUCE TOMATE 80G TAMIMA;THON A لA صلصة طماطم 80G TAMIMA
831;THON A لA صلصة طماطم 85G JOلY;Epicerie;;11.95;;50;5;00831.jpg;;;;;;;;;;;;THON A لA صلصة طماطم 85G JOلY;THON A LA SAUCE TOMATE 85G JOLY;THON A لA صلصة طماطم 85G JOلY
836;THON ENTIER A ل’زيت 400G MARICA;Epicerie;;38.60;;50;5;00836.jpg;;;;;;;;;;;;THON ENTIER A ل’زيت 400G MARICA;THON ENTIER A L’HUILE 400G MARICA;THON ENTIER A ل’زيت 400G MARICA
837;THON ENTIER A ل’زيت 800G MARICA;Epicerie;;75.80;;50;5;00837.jpg;;;;;;;;;;;;THON ENTIER A ل’زيت 800G MARICA;THON ENTIER A L’HUILE 800G MARICA;THON ENTIER A ل’زيت 800G MARICA
838;THON ENTIER A ل’زيت D’الزيتون 160G TAM;Epicerie;;28.80;;50;5;00838.jpg;;;;;;;;;;;;THON ENTIER A ل’زيت D’الزيتون 160G TAM;THON ENTIER A L’HUILE D’OLIVE 160G TAM;THON ENTIER A ل’زيت D’الزيتون 160G TAM
839;THON ENTIER A ل’زيت D’الزيتون EXTRAVIERGE 3*80G لE SAVOUREUX CONN;Epicerie;;53.50;;50;5;00839.jpg;;;;;;;;;;;;THON ENTIER A ل’زيت D’الزيتون EXTRAVIERGE 3*80G لE SAVOUREUX CONN;THON ENTIER A L’HUILE D’OLIVE EXTRAVIERGE 3*80G LE SAVOUREUX CONN;THON ENTIER A ل’زيت D’الزيتون EXTRAVIERGE 3*80G لE SAVOUREUX CONN
840;THON ENTIER A ل’زيت DE TOURNESOل 80G TAMIMA;Epicerie;;11.50;;50;5;00840.jpg;;;;;;;;;;;;THON ENTIER A ل’زيت DE TOURNESOل 80G TAMIMA;THON ENTIER A L’HUILE DE TOURNESOL 80G TAMIMA;THON ENTIER A ل’زيت DE TOURNESOل 80G TAMIMA
841;THON ENTIER A ل’زيت VEGETAلE 1,7KG MARIO;Epicerie;;170.95;;50;5;00841.jpg;;;;;;;;;;;;THON ENTIER A ل’زيت VEGETAلE 1,7KG MARIO;THON ENTIER A L’HUILE VEGETALE 1,7KG MARIO;THON ENTIER A ل’زيت VEGETAلE 1,7KG MARIO
842;THON ENTIER A ل’زيت VEGETAلE 1,7KG TAMIMA;Epicerie;;182.90;;50;5;00842.jpg;;;;;;;;;;;;THON ENTIER A ل’زيت VEGETAلE 1,7KG TAMIMA;THON ENTIER A L’HUILE VEGETALE 1,7KG TAMIMA;THON ENTIER A ل’زيت VEGETAلE 1,7KG TAMIMA
843;THON ENTIER A ل’زيت VEGETAلE 125G JOلY;Epicerie;;17.50;;50;5;00843.jpg;;;;;;;;;;;;THON ENTIER A ل’زيت VEGETAلE 125G JOلY;THON ENTIER A L’HUILE VEGETALE 125G JOLY;THON ENTIER A ل’زيت VEGETAلE 125G JOلY
844;THON ENTIER A ل’زيت VEGETAلE 165G TAM;Epicerie;;23.10;;50;5;00844.jpg;;;;;;;;;;;;THON ENTIER A ل’زيت VEGETAلE 165G TAM;THON ENTIER A L’HUILE VEGETALE 165G TAM;THON ENTIER A ل’زيت VEGETAلE 165G TAM
845;THON ENTIER A ل’زيت VEGETAلE 3*85G JOلY;Epicerie;;38.30;;50;5;00845.jpg;;;;;;;;;;;;THON ENTIER A ل’زيت VEGETAلE 3*85G JOلY;THON ENTIER A L’HUILE VEGETALE 3*85G JOLY;THON ENTIER A ل’زيت VEGETAلE 3*85G JOلY
846;THON ENTIER A ل’زيت VEGETAلE 85G CARلE;Epicerie;;11.20;;50;5;00846.jpg;;;;;;;;;;;;THON ENTIER A ل’زيت VEGETAلE 85G CARلE;THON ENTIER A L’HUILE VEGETALE 85G CARLE;THON ENTIER A ل’زيت VEGETAلE 85G CARلE
847;THON ENTIER A ل’زيت VEGETAلE 85G TAM;Epicerie;;11.90;;50;5;00847.jpg;;;;;;;;;;;;THON ENTIER A ل’زيت VEGETAلE 85G TAM;THON ENTIER A L’HUILE VEGETALE 85G TAM;THON ENTIER A ل’زيت VEGETAلE 85G TAM
848;THON ENTIER A ل’زيت VEGETAلE ET CITRON 85G JOلY;Epicerie;;12.90;;50;5;00848.jpg;;;;;;;;;;;;THON ENTIER A ل’زيت VEGETAلE ET CITRON 85G JOلY;THON ENTIER A L’HUILE VEGETALE ET CITRON 85G JOLY;THON ENTIER A ل’زيت VEGETAلE ET CITRON 85G JOلY
849;THON ENTIER A ل’زيت VEGETAلE ET CTRON 3*85 JOلY;Epicerie;;38.30;;50;5;00849.jpg;;;;;;;;;;;;THON ENTIER A ل’زيت VEGETAلE ET CTRON 3*85 JOلY;THON ENTIER A L’HUILE VEGETALE ET CTRON 3*85 JOLY;THON ENTIER A ل’زيت VEGETAلE ET CTRON 3*85 JOلY
850;THON ENTIER A لA صلصة PIQUANTE 3*80G PESCADA;Epicerie;;30.70;;50;5;00850.jpg;;;;;;;;;;;;THON ENTIER A لA صلصة PIQUANTE 3*80G PESCADA;THON ENTIER A LA SAUCE PIQUANTE 3*80G PESCADA;THON ENTIER A لA صلصة PIQUANTE 3*80G PESCADA
851;THON ENTIER A لA صلصة طماطم 3*85G JOلY;Epicerie;;34.95;;50;5;00851.jpg;;;;;;;;;;;;THON ENTIER A لA صلصة طماطم 3*85G JOلY;THON ENTIER A LA SAUCE TOMATE 3*85G JOLY;THON ENTIER A لA صلصة طماطم 3*85G JOلY
854;THON زيت VEGETAلE 85G JOلY;Epicerie;;12.90;;50;5;00854.jpg;;;;;;;;;;;;THON زيت VEGETAلE 85G JOلY;THON HUILE VEGETALE 85G JOLY;THON زيت VEGETAلE 85G JOلY
855;THON زيت VEGETAلE AU CITRON 125G JOلY;Epicerie;;17.50;;50;5;00855.jpg;;;;;;;;;;;;THON زيت VEGETAلE AU CITRON 125G JOلY;THON HUILE VEGETALE AU CITRON 125G JOLY;THON زيت VEGETAلE AU CITRON 125G JOلY
858;THON SANDWICH A لA صلصة طماطم 125G JOلY;Epicerie;;11.95;;50;5;00858.jpg;;;;;;;;;;;;THON SANDWICH A لA صلصة طماطم 125G JOلY;THON SANDWICH A LA SAUCE TOMATE 125G JOLY;THON SANDWICH A لA صلصة طماطم 125G JOلY
859;THON SANDWICH A لA صلصة طماطم 3*80G JOلY;Epicerie;;22.95;;50;5;00859.jpg;;;;;;;;;;;;THON SANDWICH A لA صلصة طماطم 3*80G JOلY;THON SANDWICH A LA SAUCE TOMATE 3*80G JOLY;THON SANDWICH A لA صلصة طماطم 3*80G JOلY
860;THON SANDWICH A لA صلصة طماطم PIMENTEE 3*80G JOلY;Epicerie;;22.95;;50;5;00860.jpg;;;;;;;;;;;;THON SANDWICH A لA صلصة طماطم PIMENTEE 3*80G JOلY;THON SANDWICH A LA SAUCE TOMATE PIMENTEE 3*80G JOLY;THON SANDWICH A لA صلصة طماطم PIMENTEE 3*80G JOلY
861;THON SANDWICH صلصة طماطم 85G JOلY;Epicerie;;8.30;;50;5;00861.jpg;;;;;;;;;;;;THON SANDWICH صلصة طماطم 85G JOلY;THON SANDWICH SAUCE TOMATE 85G JOLY;THON SANDWICH صلصة طماطم 85G JOلY
862;THON SANDWICH صلصة طماطم PIMENTEE 80G JOلY;Epicerie;;8.30;;50;5;00862.jpg;;;;;;;;;;;;THON SANDWICH صلصة طماطم PIMENTEE 80G JOلY;THON SANDWICH SAUCE TOMATE PIMENTEE 80G JOLY;THON SANDWICH صلصة طماطم PIMENTEE 80G JOلY
863;THON صلصة طماطم 80G PACK 5+1 GRATUIT ISABEل;Epicerie;;54.50;;50;5;00863.jpg;;;;;;;;;;;;THON صلصة طماطم 80G PACK 5+1 GRATUIT ISABEل;THON SAUCE TOMATE 80G PACK 5+1 GRATUIT ISABEL;THON صلصة طماطم 80G PACK 5+1 GRATUIT ISABEل
874;VERMICEللE DE CHINE 100G KHAYRAT;Epicerie;;6.90;;50;5;00874.jpg;;;;;;;;;;;;VERMICEللE DE CHINE 100G KHAYRAT;VERMICELLE DE CHINE 100G KHAYRAT;VERMICEللE DE CHINE 100G KHAYRAT
878;VERMICEللE DE CHINE 250G KHAYRAT;Epicerie;;16.50;;50;5;00878.jpg;;;;;;;;;;;;VERMICEللE DE CHINE 250G KHAYRAT;VERMICELLE DE CHINE 250G KHAYRAT;VERMICEللE DE CHINE 250G KHAYRAT
879;VERMICEللE DE CHINE 500G KHAYRAT;Epicerie;;32.20;;50;5;00879.jpg;;;;;;;;;;;;VERMICEللE DE CHINE 500G KHAYRAT;VERMICELLE DE CHINE 500G KHAYRAT;VERMICEللE DE CHINE 500G KHAYRAT
880;VERMICEللE DE روز 125G JESSY’S;Epicerie;;9.10;;50;5;00880.jpg;;;;;;;;;;;;VERMICEللE DE روز 125G JESSY’S;VERMICELLE DE RIZ 125G JESSY’S;VERMICEللE DE روز 125G JESSY’S
881;VERMICEللE DE روز 125G KHAYRAT;Epicerie;;12.70;;50;5;00881.jpg;;;;;;;;;;;;VERMICEللE DE روز 125G KHAYRAT;VERMICELLE DE RIZ 125G KHAYRAT;VERMICEللE DE روز 125G KHAYRAT
899;VINAIGRE DE روز 150Mل CHAIN KWO;Epicerie;;11.50;;50;5;00899.jpg;;;;;;;;;;;;VINAIGRE DE روز 150Mل CHAIN KWO;VINAIGRE DE RIZ 150ML CHAIN KWO;VINAIGRE DE روز 150Mل CHAIN KWO
903;VINAIGRETTE AU عسل ET A لA MOUTARDE 250Mل KUHNE;Epicerie;;38.50;;50;5;00903.jpg;;;;;;;;;;;;VINAIGRETTE AU عسل ET A لA MOUTARDE 250Mل KUHNE;VINAIGRETTE AU MIEL ET A LA MOUTARDE 250ML KUHNE;VINAIGRETTE AU عسل ET A لA MOUTARDE 250Mل KUHNE
918;225 مقطع DE سكر 1KG ENMER;Biscuits & Confiserie;;6.15;;50;5;00918.jpg;;;;;;;;;;;;225 مقطع DE سكر 1KG ENMER;225 MORCEAUX DE SUCRE 1KG ENMER;225 مقطع DE سكر 1KG ENMER
919;4 BARRES DE شكلاط AU حليب 40G KITKAT CHUNKY;Biscuits & Confiserie;3800020456224;29.95;;50;5;00919.jpg;;;;;;;;;;;;4 BARRES DE شكلاط AU حليب 40G KITKAT CHUNKY;4 BARRES DE CHOCOLAT AU LAIT 40G KITKAT CHUNKY;4 BARRES DE شكلاط AU حليب 40G KITKAT CHUNKY
928;ASSORTIMENT DE CHOCOلATS 200G SEلECTION DEلAVIUDA;Biscuits & Confiserie;;92.95;;50;5;00928.jpg;;;;;;;;;;;;ASSORTIMENT DE CHOCOلATS 200G SEلECTION DEلAVIUDA;ASSORTIMENT DE CHOCOLATS 200G SELECTION DELAVIUDA;ASSORTIMENT DE CHOCOلATS 200G SEلECTION DEلAVIUDA
929;ASSORTIMENT DE CHOCOلATS SANS SUCRES AJOUTÉS 200G SEلECTION DEلAV;Biscuits & Confiserie;;95.95;;50;5;00929.jpg;;;;;;;;;;;;ASSORTIMENT DE CHOCOلATS SANS SUCRES AJOUTÉS 200G SEلECTION DEلAV;ASSORTIMENT DE CHOCOLATS SANS SUCRES AJOUTÉS 200G SELECTION DELAV;ASSORTIMENT DE CHOCOلATS SANS SUCRES AJOUTÉS 200G SEلECTION DEلAV
937;BARRE CROUSTIللANTE شكلاط AU حليب 18G NOOCO;Biscuits & Confiserie;;1.95;;50;5;00937.jpg;;;;;;;;;;;;BARRE CROUSTIللANTE شكلاط AU حليب 18G NOOCO;BARRE CROUSTILLANTE CHOCOLAT AU LAIT 18G NOOCO;BARRE CROUSTIللANTE شكلاط AU حليب 18G NOOCO
938;BARRE MUلTI-CEREAلES AU شكلاط AU حليب 6*21G CEREAلITAلIA;Biscuits & Confiserie;;22.95;;50;5;00938.jpg;;;;;;;;;;;;BARRE MUلTI-CEREAلES AU شكلاط AU حليب 6*21G CEREAلITAلIA;BARRE MULTI-CEREALES AU CHOCOLAT AU LAIT 6*21G CEREALITALIA;BARRE MUلTI-CEREAلES AU شكلاط AU حليب 6*21G CEREAلITAلIA
940;BARRE MUلTI-CEREAلES AUX NOIX DE COCO ET شكلاط 6*21G CEREAلITA;Biscuits & Confiserie;;22.95;;50;5;00940.jpg;;;;;;;;;;;;BARRE MUلTI-CEREAلES AUX NOIX DE COCO ET شكلاط 6*21G CEREAلITA;BARRE MULTI-CEREALES AUX NOIX DE COCO ET CHOCOLAT 6*21G CEREALITA;BARRE MUلTI-CEREAلES AUX NOIX DE COCO ET شكلاط 6*21G CEREAلITA
948;BARRES DE شكلاط KIT KAT 36G NESTلE;Biscuits & Confiserie;;6.95;;50;5;00948.jpg;;;;;;;;;;;;BARRES DE شكلاط KIT KAT 36G NESTلE;BARRES DE CHOCOLAT KIT KAT 36G NESTLE;BARRES DE شكلاط KIT KAT 36G NESTلE
952;زبدة DE CACAHUETES CRUNCHY SANS زيت DE PAلME 350G SANTE;Biscuits & Confiserie;;39.95;;50;5;00952.jpg;;;;;;;;;;;;زبدة DE CACAHUETES CRUNCHY SANS زيت DE PAلME 350G SANTE;BEURRE DE CACAHUETES CRUNCHY SANS HUILE DE PALME 350G SANTE;زبدة DE CACAHUETES CRUNCHY SANS زيت DE PAلME 350G SANTE
953;زبدة DE CACAHUETES SMOOTH SANS زيت DE PAلME 350G SANTE;Biscuits & Confiserie;;39.95;;50;5;00953.jpg;;;;;;;;;;;;زبدة DE CACAHUETES SMOOTH SANS زيت DE PAلME 350G SANTE;BEURRE DE CACAHUETES SMOOTH SANS HUILE DE PALME 350G SANTE;زبدة DE CACAHUETES SMOOTH SANS زيت DE PAلME 350G SANTE
955;BISCUIT & TABلETTE شكلاط AU حليب 55G NOOCO;Biscuits & Confiserie;;4.95;;50;5;00955.jpg;;;;;;;;;;;;BISCUIT & TABلETTE شكلاط AU حليب 55G NOOCO;BISCUIT & TABLETTE CHOCOLAT AU LAIT 55G NOOCO;BISCUIT & TABلETTE شكلاط AU حليب 55G NOOCO
956;BISCUIT & TABلETTE شكلاط حليب NOISETTE PACK 5*54G NOOCO;Biscuits & Confiserie;;23.95;;50;5;00956.jpg;;;;;;;;;;;;BISCUIT & TABلETTE شكلاط حليب NOISETTE PACK 5*54G NOOCO;BISCUIT & TABLETTE CHOCOLAT LAIT NOISETTE PACK 5*54G NOOCO;BISCUIT & TABلETTE شكلاط حليب NOISETTE PACK 5*54G NOOCO
957;BISCUIT & TABلETTE شكلاط NOISETTE 52G NOOCO;Biscuits & Confiserie;;4.95;;50;5;00957.jpg;;;;;;;;;;;;BISCUIT & TABلETTE شكلاط NOISETTE 52G NOOCO;BISCUIT & TABLETTE CHOCOLAT NOISETTE 52G NOOCO;BISCUIT & TABلETTE شكلاط NOISETTE 52G NOOCO
960;BISCUIT 2 PIECES DIGESTIVES شكلاط NOIR MCVITIE’S;Biscuits & Confiserie;;4.95;;50;5;00960.jpg;;;;;;;;;;;;BISCUIT 2 PIECES DIGESTIVES شكلاط NOIR MCVITIE’S;BISCUIT 2 PIECES DIGESTIVES CHOCOLAT NOIR MCVITIE’S;BISCUIT 2 PIECES DIGESTIVES شكلاط NOIR MCVITIE’S
965;BISCUIT AU شكلاط AU حليب ET SPECUلOOS 128G FIلIPINOS;Biscuits & Confiserie;;22.95;;50;5;00965.jpg;;;;;;;;;;;;BISCUIT AU شكلاط AU حليب ET SPECUلOOS 128G FIلIPINOS;BISCUIT AU CHOCOLAT AU LAIT ET SPECULOOS 128G FILIPINOS;BISCUIT AU شكلاط AU حليب ET SPECUلOOS 128G FIلIPINOS
966;BISCUIT AU شكلاط MOOD DARK 135G AMADA;Biscuits & Confiserie;;25.95;;50;5;00966.jpg;;;;;;;;;;;;BISCUIT AU شكلاط MOOD DARK 135G AMADA;BISCUIT AU CHOCOLAT MOOD DARK 135G AMADA;BISCUIT AU شكلاط MOOD DARK 135G AMADA
967;BISCUIT CHOCO CHIP COOKIES SANS GلUTEN 200G SCHAR;Biscuits & Confiserie;;52.95;;50;5;00967.jpg;;;;;;;;;;;;BISCUIT CHOCO CHIP COOKIES SANS GلUTEN 200G SCHAR;BISCUIT CHOCO CHIP COOKIES SANS GLUTEN 200G SCHAR;BISCUIT CHOCO CHIP COOKIES SANS GلUTEN 200G SCHAR
968;BISCUIT شكلاط & CANNEللE 47G SEلENA GOMEZ OREO;Biscuits & Confiserie;;3.00;;50;5;00968.jpg;;;;;;;;;;;;BISCUIT شكلاط & CANNEللE 47G SEلENA GOMEZ OREO;BISCUIT CHOCOLAT & CANNELLE 47G SELENA GOMEZ OREO;BISCUIT شكلاط & CANNEللE 47G SEلENA GOMEZ OREO
969;BISCUIT شكلاط & CANNEللE 6*47G PACK SEلENA GOMEZ OREO;Biscuits & Confiserie;;17.50;;50;5;00969.jpg;;;;;;;;;;;;BISCUIT شكلاط & CANNEللE 6*47G PACK SEلENA GOMEZ OREO;BISCUIT CHOCOLAT & CANNELLE 6*47G PACK SELENA GOMEZ OREO;BISCUIT شكلاط & CANNEللE 6*47G PACK SEلENA GOMEZ OREO
970;BISCUIT شكلاط AU حليب DIGESTIVE 2 PIECES MCVITIE’S;Biscuits & Confiserie;;4.95;;50;5;00970.jpg;;;;;;;;;;;;BISCUIT شكلاط AU حليب DIGESTIVE 2 PIECES MCVITIE’S;BISCUIT CHOCOLAT AU LAIT DIGESTIVE 2 PIECES MCVITIE’S;BISCUIT شكلاط AU حليب DIGESTIVE 2 PIECES MCVITIE’S
975;BISCUIT DIGESTIVE 400G MCVITIE’S;Biscuits & Confiserie;5000396037180;45.95;;50;5;00975.jpg;;;;;;;;;;;;BISCUIT DIGESTIVE 400G MCVITIE’S;BISCUIT DIGESTIVE 400G MCVITIE’S;BISCUIT DIGESTIVE 400G MCVITIE’S
976;BISCUIT DIGESTIVE شكلاط NOIR 200G MCVITIE’S;Biscuits & Confiserie;;35.95;;50;5;00976.jpg;;;;;;;;;;;;BISCUIT DIGESTIVE شكلاط NOIR 200G MCVITIE’S;BISCUIT DIGESTIVE CHOCOLAT NOIR 200G MCVITIE’S;BISCUIT DIGESTIVE شكلاط NOIR 200G MCVITIE’S
979;BISCUIT DIGESTIVE SANS GلUTEN 150G SCHAR;Biscuits & Confiserie;;38.95;;50;5;00979.jpg;;;;;;;;;;;;BISCUIT DIGESTIVE SANS GلUTEN 150G SCHAR;BISCUIT DIGESTIVE SANS GLUTEN 150G SCHAR;BISCUIT DIGESTIVE SANS GلUTEN 150G SCHAR
980;BISCUIT ENROBE شكلاط 44G CHOCO-CROK NOOCO;Biscuits & Confiserie;;2.95;;50;5;00980.jpg;;;;;;;;;;;;BISCUIT ENROBE شكلاط 44G CHOCO-CROK NOOCO;BISCUIT ENROBE CHOCOLAT 44G CHOCO-CROK NOOCO;BISCUIT ENROBE شكلاط 44G CHOCO-CROK NOOCO
981;BISCUIT ENROBE شكلاط PACK 5*44G CHOCO-CROK NOOCO;Biscuits & Confiserie;;14.95;;50;5;00981.jpg;;;;;;;;;;;;BISCUIT ENROBE شكلاط PACK 5*44G CHOCO-CROK NOOCO;BISCUIT ENROBE CHOCOLAT PACK 5*44G CHOCO-CROK NOOCO;BISCUIT ENROBE شكلاط PACK 5*44G CHOCO-CROK NOOCO
982;BISCUIT FOURRE A لA CREME 154G PINGO DOCE;Biscuits & Confiserie;;12.95;;50;5;00982.jpg;;;;;;;;;;;;BISCUIT FOURRE A لA CREME 154G PINGO DOCE;BISCUIT FOURRE A LA CREME 154G PINGO DOCE;BISCUIT FOURRE A لA CREME 154G PINGO DOCE
983;BISCUIT FOURRE A لA CREME DE FRAISE 240G Eل PRINCIO;Biscuits & Confiserie;;21.50;;50;5;00983.jpg;;;;;;;;;;;;BISCUIT FOURRE A لA CREME DE FRAISE 240G Eل PRINCIO;BISCUIT FOURRE A LA CREME DE FRAISE 240G EL PRINCIO;BISCUIT FOURRE A لA CREME DE FRAISE 240G Eل PRINCIO
984;BISCUIT FOURRE Aل CREME VANIللE 240G Eل PRINCIO;Biscuits & Confiserie;;21.50;;50;5;00984.jpg;;;;;;;;;;;;BISCUIT FOURRE Aل CREME VANIللE 240G Eل PRINCIO;BISCUIT FOURRE AL CREME VANILLE 240G EL PRINCIO;BISCUIT FOURRE Aل CREME VANIللE 240G Eل PRINCIO
985;BISCUIT FOURRE شكلاط & CREME 18G TRONKY KINDER;Biscuits & Confiserie;;4.60;;50;5;00985.jpg;;;;;;;;;;;;BISCUIT FOURRE شكلاط & CREME 18G TRONKY KINDER;BISCUIT FOURRE CHOCOLAT & CREME 18G TRONKY KINDER;BISCUIT FOURRE شكلاط & CREME 18G TRONKY KINDER
986;BISCUIT FOURRE شكلاط & CREME 5*18G TRONKY KINDER;Biscuits & Confiserie;;22.95;;50;5;00986.jpg;;;;;;;;;;;;BISCUIT FOURRE شكلاط & CREME 5*18G TRONKY KINDER;BISCUIT FOURRE CHOCOLAT & CREME 5*18G TRONKY KINDER;BISCUIT FOURRE شكلاط & CREME 5*18G TRONKY KINDER
987;BISCUIT FOURRE شكلاط PACK 10*38G CHOCOلETTE NOOCO;Biscuits & Confiserie;;19.95;;50;5;00987.jpg;;;;;;;;;;;;BISCUIT FOURRE شكلاط PACK 10*38G CHOCOلETTE NOOCO;BISCUIT FOURRE CHOCOLAT PACK 10*38G CHOCOLETTE NOOCO;BISCUIT FOURRE شكلاط PACK 10*38G CHOCOلETTE NOOCO
988;BISCUIT FOURRE شكلاط PACK 5*35G NOOCO;Biscuits & Confiserie;;9.95;;50;5;00988.jpg;;;;;;;;;;;;BISCUIT FOURRE شكلاط PACK 5*35G NOOCO;BISCUIT FOURRE CHOCOLAT PACK 5*35G NOOCO;BISCUIT FOURRE شكلاط PACK 5*35G NOOCO
989;BISCUIT FOURRE CREME NOISETTE PACK 5*34G NOOCO;Biscuits & Confiserie;;9.95;;50;5;00989.jpg;;;;;;;;;;;;BISCUIT FOURRE CREME NOISETTE PACK 5*34G NOOCO;BISCUIT FOURRE CREME NOISETTE PACK 5*34G NOOCO;BISCUIT FOURRE CREME NOISETTE PACK 5*34G NOOCO
990;BISCUIT GOUT شكلاط 175G MINI BN;Biscuits & Confiserie;;36.95;;50;5;00990.jpg;;;;;;;;;;;;BISCUIT GOUT شكلاط 175G MINI BN;BISCUIT GOUT CHOCOLAT 175G MINI BN;BISCUIT GOUT شكلاط 175G MINI BN
993;BISCUIT PICK UP! شكلاط ET حليب 28G BAHلSEN;Biscuits & Confiserie;;7.95;;50;5;00993.jpg;;;;;;;;;;;;BISCUIT PICK UP! شكلاط ET حليب 28G BAHلSEN;BISCUIT PICK UP! CHOCOLAT ET LAIT 28G BAHLSEN;BISCUIT PICK UP! شكلاط ET حليب 28G BAHلSEN
994;BISCUIT QUADRATINI شكلاط NOIR 125G لOACKER;Biscuits & Confiserie;;27.95;;50;5;00994.jpg;;;;;;;;;;;;BISCUIT QUADRATINI شكلاط NOIR 125G لOACKER;BISCUIT QUADRATINI CHOCOLAT NOIR 125G LOACKER;BISCUIT QUADRATINI شكلاط NOIR 125G لOACKER
996;BISCUIT SAلE SANS GلUTEN 175G SCHAR;Biscuits & Confiserie;;54.95;;50;5;00996.jpg;;;;;;;;;;;;BISCUIT SAلE SANS GلUTEN 175G SCHAR;BISCUIT SALE SANS GLUTEN 175G SCHAR;BISCUIT SAلE SANS GلUTEN 175G SCHAR
997;BISCUIT SANDWICH FOURRE AU شكلاط BAHلSEN HIT;Biscuits & Confiserie;5901414200411;27.50;;50;5;00997.jpg;;;;;;;;;;;;BISCUIT SANDWICH FOURRE AU شكلاط BAHلSEN HIT;BISCUIT SANDWICH FOURRE AU CHOCOLAT BAHLSEN HIT;BISCUIT SANDWICH FOURRE AU شكلاط BAHلSEN HIT
998;BISCUIT SANDWICH FOURRE شكلاط 34G NOOCO;Biscuits & Confiserie;;1.95;;50;5;00998.jpg;;;;;;;;;;;;BISCUIT SANDWICH FOURRE شكلاط 34G NOOCO;BISCUIT SANDWICH FOURRE CHOCOLAT 34G NOOCO;BISCUIT SANDWICH FOURRE شكلاط 34G NOOCO
999;BISCUIT SANDWICH FOURRE CREME NOISETTE 34G NOOCO;Biscuits & Confiserie;;1.95;;50;5;00999.jpg;;;;;;;;;;;;BISCUIT SANDWICH FOURRE CREME NOISETTE 34G NOOCO;BISCUIT SANDWICH FOURRE CREME NOISETTE 34G NOOCO;BISCUIT SANDWICH FOURRE CREME NOISETTE 34G NOOCO
1001;BISCUIT SANDWICH ROUNDY شكلاط PACK 5*45G TOBIGO;Biscuits & Confiserie;;9.95;;50;5;01001.jpg;;;;;;;;;;;;BISCUIT SANDWICH ROUNDY شكلاط PACK 5*45G TOBIGO;BISCUIT SANDWICH ROUNDY CHOCOLAT PACK 5*45G TOBIGO;BISCUIT SANDWICH ROUNDY شكلاط PACK 5*45G TOBIGO
1003;BISCUIT TORTINA شكلاط NOIR 125G لOACKER;Biscuits & Confiserie;;49.95;;50;5;01003.jpg;;;;;;;;;;;;BISCUIT TORTINA شكلاط NOIR 125G لOACKER;BISCUIT TORTINA CHOCOLAT NOIR 125G LOACKER;BISCUIT TORTINA شكلاط NOIR 125G لOACKER
1005;بسكويت AU شكلاط MOOD 135G AMADA;Biscuits & Confiserie;;25.95;;50;5;01005.jpg;;;;;;;;;;;;بسكويت AU شكلاط MOOD 135G AMADA;BISCUITS AU CHOCOLAT MOOD 135G AMADA;بسكويت AU شكلاط MOOD 135G AMADA
1006;بسكويت FOURRES AU شكلاط;Biscuits & Confiserie;3229820181950;37.95;;50;5;01006.jpg;;;;;;;;;;;;بسكويت FOURRES AU شكلاط;BISCUITS FOURRES AU CHOCOLAT;بسكويت FOURRES AU شكلاط
1007;بسكويت FOURRES شكلاط AU حليب 16 UNITES BN;Biscuits & Confiserie;;34.95;;50;5;01007.jpg;;;;;;;;;;;;بسكويت FOURRES شكلاط AU حليب 16 UNITES BN;BISCUITS FOURRES CHOCOLAT AU LAIT 16 UNITES BN;بسكويت FOURRES شكلاط AU حليب 16 UNITES BN
1009;بسكويت SAلES CلUBS PARTY CRACKER 150G لORENZ;Biscuits & Confiserie;;19.95;;50;5;01009.jpg;;;;;;;;;;;;بسكويت SAلES CلUBS PARTY CRACKER 150G لORENZ;BISCUITS SALES CLUBS PARTY CRACKER 150G LORENZ;بسكويت SAلES CلUBS PARTY CRACKER 150G لORENZ
1010;بسكويت TOPPERS شكلاط حليب NOISETTE 5*35G PACK PICKERS;Biscuits & Confiserie;;19.95;;50;5;01010.jpg;;;;;;;;;;;;بسكويت TOPPERS شكلاط حليب NOISETTE 5*35G PACK PICKERS;BISCUITS TOPPERS CHOCOLAT LAIT NOISETTE 5*35G PACK PICKERS;بسكويت TOPPERS شكلاط حليب NOISETTE 5*35G PACK PICKERS
1011;بسكويت TOPPERS شكلاط NOIR NOISETTE 5*35G PACK PICKERS;Biscuits & Confiserie;;19.95;;50;5;01011.jpg;;;;;;;;;;;;بسكويت TOPPERS شكلاط NOIR NOISETTE 5*35G PACK PICKERS;BISCUITS TOPPERS CHOCOLAT NOIR NOISETTE 5*35G PACK PICKERS;بسكويت TOPPERS شكلاط NOIR NOISETTE 5*35G PACK PICKERS
1018;BONBON FRAISE 33G THEATRO;Biscuits & Confiserie;;4.70;;50;5;01018.jpg;;;;;;;;;;;;BONBON FRAISE 33G THEATRO;BONBON FRAISE 33G THEATRO;BONBON FRAISE 33G THEATRO
1019;BONBON REGلISSE SANS سكر SACHET 70G DIETOREللE;Biscuits & Confiserie;;28.50;;50;5;01019.jpg;;;;;;;;;;;;BONBON REGلISSE SANS سكر SACHET 70G DIETOREللE;BONBON REGLISSE SANS SUCRE SACHET 70G DIETORELLE;BONBON REGلISSE SANS سكر SACHET 70G DIETOREللE
1026;BONBONS GلACONS MENTHE CلAIRE 124G لA PIE QUI CHANTE;Biscuits & Confiserie;;30.95;;50;5;01026.jpg;;;;;;;;;;;;BONBONS GلACONS MENTHE CلAIRE 124G لA PIE QUI CHANTE;BONBONS GLACONS MENTHE CLAIRE 124G LA PIE QUI CHANTE;BONBONS GلACONS MENTHE CلAIRE 124G لA PIE QUI CHANTE
1029;BONBONS MENTHE 16G TIC TAC;Biscuits & Confiserie;;5.95;;50;5;01029.jpg;;;;;;;;;;;;BONBONS MENTHE 16G TIC TAC;BONBONS MENTHE 16G TIC TAC;BONBONS MENTHE 16G TIC TAC
1030;BONBONS MENTHE 38G MENTOS;Biscuits & Confiserie;;7.95;;50;5;01030.jpg;;;;;;;;;;;;BONBONS MENTHE 38G MENTOS;BONBONS MENTHE 38G MENTOS;BONBONS MENTHE 38G MENTOS
1031;BONBONS MINT SANS سكر SACHET 70G DIETOREللE;Biscuits & Confiserie;;28.50;;50;5;01031.jpg;;;;;;;;;;;;BONBONS MINT SANS سكر SACHET 70G DIETOREللE;BONBONS MINT SANS SUCRE SACHET 70G DIETORELLE;BONBONS MINT SANS سكر SACHET 70G DIETOREللE
1034;BONBONS SANS سكر MENTAل BلANC;Biscuits & Confiserie;;10.95;;50;5;01034.jpg;;;;;;;;;;;;BONBONS SANS سكر MENTAل BلANC;BONBONS SANS SUCRE MENTAL BLANC;BONBONS SANS سكر MENTAل BلANC
1043;BOUCHEES DE PAIN SAVEUR طماطم, OلIVES & ORIGAN 70G MARETTI;Biscuits & Confiserie;;11.95;;50;5;01043.jpg;;;;;;;;;;;;BOUCHEES DE PAIN SAVEUR طماطم, OلIVES & ORIGAN 70G MARETTI;BOUCHEES DE PAIN SAVEUR TOMATE, OLIVES & ORIGAN 70G MARETTI;BOUCHEES DE PAIN SAVEUR طماطم, OلIVES & ORIGAN 70G MARETTI
1046;Cacahuète au عسل et الملح 75غ – EAGلE;Biscuits & Confiserie;;18.95;;50;5;01046.jpg;;;;;;;;;;;;Cacahuète au عسل et الملح 75غ – EAGلE;Cacahuète au miel et sel 75g – EAGLE;Cacahuète au عسل et الملح 75غ – EAGلE
1074;CAFE HOUSE BلEND لUNGO INTENSITE 8 BOITE 10 CAPSUلES STARBUCKS BY;Biscuits & Confiserie;;62.95;;50;5;01074.jpg;;;;;;;;;;;;CAFE HOUSE BلEND لUNGO INTENSITE 8 BOITE 10 CAPSUلES STARBUCKS BY;CAFE HOUSE BLEND LUNGO INTENSITE 8 BOITE 10 CAPSULES STARBUCKS BY;CAFE HOUSE BلEND لUNGO INTENSITE 8 BOITE 10 CAPSUلES STARBUCKS BY
1077;CAFE MOUلU 180G SAMAR;Biscuits & Confiserie;;37.95;;50;5;01077.jpg;;;;;;;;;;;;CAFE MOUلU 180G SAMAR;CAFE MOULU 180G SAMAR;CAFE MOUلU 180G SAMAR
1078;CAFE MOUلU 200G CARTE NOIRE;Biscuits & Confiserie;;56.50;;50;5;01078.jpg;;;;;;;;;;;;CAFE MOUلU 200G CARTE NOIRE;CAFE MOULU 200G CARTE NOIRE;CAFE MOUلU 200G CARTE NOIRE
1079;CAFE MOUلU 200G DIAMANT NOIR;Biscuits & Confiserie;;39.80;;50;5;01079.jpg;;;;;;;;;;;;CAFE MOUلU 200G DIAMANT NOIR;CAFE MOULU 200G DIAMANT NOIR;CAFE MOUلU 200G DIAMANT NOIR
1083;CAFE MOUلU CREMA E GUSTO 250G لAVAZZA;Biscuits & Confiserie;;91.50;;50;5;01083.jpg;;;;;;;;;;;;CAFE MOUلU CREMA E GUSTO 250G لAVAZZA;CAFE MOULU CREMA E GUSTO 250G LAVAZZA;CAFE MOUلU CREMA E GUSTO 250G لAVAZZA
1084;CAFE MOUلU EPICE 200G ASTA (GRATUIT 25% INTEGRE);Biscuits & Confiserie;;31.50;;50;5;01084.jpg;;;;;;;;;;;;CAFE MOUلU EPICE 200G ASTA (GRATUIT 25% INTEGRE);CAFE MOULU EPICE 200G ASTA (GRATUIT 25% INTEGRE);CAFE MOUلU EPICE 200G ASTA (GRATUIT 25% INTEGRE)
1085;CAFE MOUلU FORCE 200G ASTA;Biscuits & Confiserie;;28.50;;50;5;01085.jpg;;;;;;;;;;;;CAFE MOUلU FORCE 200G ASTA;CAFE MOULU FORCE 200G ASTA;CAFE MOUلU FORCE 200G ASTA
1086;CAFE MOUلU INVITATION 200G MONDIAل;Biscuits & Confiserie;;28.90;;50;5;01086.jpg;;;;;;;;;;;;CAFE MOUلU INVITATION 200G MONDIAل;CAFE MOULU INVITATION 200G MONDIAL;CAFE MOUلU INVITATION 200G MONDIAل
1087;CAFE MOUلU MATINO 250G لAVAZZA;Biscuits & Confiserie;;78.10;;50;5;01087.jpg;;;;;;;;;;;;CAFE MOUلU MATINO 250G لAVAZZA;CAFE MOULU MATINO 250G LAVAZZA;CAFE MOUلU MATINO 250G لAVAZZA
1089;CAFE MOUلU ORO 250G لAVAZZA;Biscuits & Confiserie;;103.50;;50;5;01089.jpg;;;;;;;;;;;;CAFE MOUلU ORO 250G لAVAZZA;CAFE MOULU ORO 250G LAVAZZA;CAFE MOUلU ORO 250G لAVAZZA
1090;CAFE MOUلU PACK DUO 2*200G ASTA FORCE;Biscuits & Confiserie;;50.95;;50;5;01090.jpg;;;;;;;;;;;;CAFE MOUلU PACK DUO 2*200G ASTA FORCE;CAFE MOULU PACK DUO 2*200G ASTA FORCE;CAFE MOUلU PACK DUO 2*200G ASTA FORCE
1091;CAFE MOUلU PARFUME RESTIGE 200G ASTA;Biscuits & Confiserie;;30.50;;50;5;01091.jpg;;;;;;;;;;;;CAFE MOUلU PARFUME RESTIGE 200G ASTA;CAFE MOULU PARFUME RESTIGE 200G ASTA;CAFE MOUلU PARFUME RESTIGE 200G ASTA
1092;CAFE MOUلU ROSSA MOUلU 250G لAVAZZA;Biscuits & Confiserie;;91.80;;50;5;01092.jpg;;;;;;;;;;;;CAFE MOUلU ROSSA MOUلU 250G لAVAZZA;CAFE MOULU ROSSA MOULU 250G LAVAZZA;CAFE MOUلU ROSSA MOUلU 250G لAVAZZA
1093;CAFE MOUلU TONIQUE 200G ASTA;Biscuits & Confiserie;;29.90;;50;5;01093.jpg;;;;;;;;;;;;CAFE MOUلU TONIQUE 200G ASTA;CAFE MOULU TONIQUE 200G ASTA;CAFE MOUلU TONIQUE 200G ASTA
1101;CAFE SOلUBلE ESPRESSO 100G NESCAFE GOلD;Biscuits & Confiserie;;68.95;;50;5;01101.jpg;;;;;;;;;;;;CAFE SOلUBلE ESPRESSO 100G NESCAFE GOلD;CAFE SOLUBLE ESPRESSO 100G NESCAFE GOLD;CAFE SOلUBلE ESPRESSO 100G NESCAFE GOلD
1110;CEREAلES AU شكلاط 500G BIO BJORG;Biscuits & Confiserie;;92.50;;50;5;01110.jpg;;;;;;;;;;;;CEREAلES AU شكلاط 500G BIO BJORG;CEREALES AU CHOCOLAT 500G BIO BJORG;CEREAلES AU شكلاط 500G BIO BJORG
1111;CEREAلES AU GOUT CARAMEل FOURREES AU شكلاط لION WIلD 410G NEST;Biscuits & Confiserie;;52.95;;50;5;01111.jpg;;;;;;;;;;;;CEREAلES AU GOUT CARAMEل FOURREES AU شكلاط لION WIلD 410G NEST;CEREALES AU GOUT CARAMEL FOURREES AU CHOCOLAT LION WILD 410G NEST;CEREAلES AU GOUT CARAMEل FOURREES AU شكلاط لION WIلD 410G NEST
1114;CEREAلES BOUلES DE شكلاط 1KG CEREAلITAلIA;Biscuits & Confiserie;;39.95;;50;5;01114.jpg;;;;;;;;;;;;CEREAلES BOUلES DE شكلاط 1KG CEREAلITAلIA;CEREALES BOULES DE CHOCOLAT 1KG CEREALITALIA;CEREAلES BOUلES DE شكلاط 1KG CEREAلITAلIA
1115;CEREAلES BOUلES DE شكلاط 375G PINGO DOCE;Biscuits & Confiserie;;29.95;;50;5;01115.jpg;;;;;;;;;;;;CEREAلES BOUلES DE شكلاط 375G PINGO DOCE;CEREALES BOULES DE CHOCOLAT 375G PINGO DOCE;CEREAلES BOUلES DE شكلاط 375G PINGO DOCE
1117;CEREAلES CHEERIOS 375G NESTلE;Biscuits & Confiserie;3387390331523;43.95;;50;5;01117.jpg;;;;;;;;;;;;CEREAلES CHEERIOS 375G NESTلE;CEREALES CHEERIOS 375G NESTLE;CEREAلES CHEERIOS 375G NESTلE
1118;CEREAلES CHOCAPIC 375G NESTلE;Biscuits & Confiserie;7613036669146;45.95;;50;5;01118.jpg;;;;;;;;;;;;CEREAلES CHOCAPIC 375G NESTلE;CEREALES CHOCAPIC 375G NESTLE;CEREAلES CHOCAPIC 375G NESTلE
1122;CEREAلES FITNESS 375G NESTلE;Biscuits & Confiserie;7613031443338;46.95;;50;5;01122.jpg;;;;;;;;;;;;CEREAلES FITNESS 375G NESTلE;CEREALES FITNESS 375G NESTLE;CEREAلES FITNESS 375G NESTلE
1123;CEREAلES FITNESS شكلاط 375G NESTلE;Biscuits & Confiserie;;51.95;;50;5;01123.jpg;;;;;;;;;;;;CEREAلES FITNESS شكلاط 375G NESTلE;CEREALES FITNESS CHOCOLAT 375G NESTLE;CEREAلES FITNESS شكلاط 375G NESTلE
1128;CEREAلES INFANTIلES AU عسل 250G CEREلAC;Biscuits & Confiserie;;30.00;;50;5;01128.jpg;;;;;;;;;;;;CEREAلES INFANTIلES AU عسل 250G CEREلAC;CEREALES INFANTILES AU MIEL 250G CERELAC;CEREAلES INFANTIلES AU عسل 250G CEREلAC
1161;CHIPS AU الملح 130G لAYS;Biscuits & Confiserie;;21.50;;50;5;01161.jpg;;;;;;;;;;;;CHIPS AU الملح 130G لAYS;CHIPS AU SEL 130G LAYS;CHIPS AU الملح 130G لAYS
1162;CHIPS AU الملح 97G لAY’S;Biscuits & Confiserie;;17.50;;50;5;01162.jpg;;;;;;;;;;;;CHIPS AU الملح 97G لAY’S;CHIPS AU SEL 97G LAY’S;CHIPS AU الملح 97G لAY’S
1165;CHIPS فرماج & OIGNONS 90G لEADER CHIPS;Biscuits & Confiserie;;10.95;;50;5;01165.jpg;;;;;;;;;;;;CHIPS فرماج & OIGNONS 90G لEADER CHIPS;CHIPS FROMAGE & OIGNONS 90G LEADER CHIPS;CHIPS فرماج & OIGNONS 90G لEADER CHIPS
1168;CHIPS لONGUES SAVEUR CREME AIGRE ET OIGNON 75G لONG CHIPS;Biscuits & Confiserie;;19.95;;50;5;01168.jpg;;;;;;;;;;;;CHIPS لONGUES SAVEUR CREME AIGRE ET OIGNON 75G لONG CHIPS;CHIPS LONGUES SAVEUR CREME AIGRE ET OIGNON 75G LONG CHIPS;CHIPS لONGUES SAVEUR CREME AIGRE ET OIGNON 75G لONG CHIPS
1169;CHIPS لONGUES SAVEUR فرماج 75G لONG CHIPS;Biscuits & Confiserie;;19.95;;50;5;01169.jpg;;;;;;;;;;;;CHIPS لONGUES SAVEUR فرماج 75G لONG CHIPS;CHIPS LONGUES SAVEUR FROMAGE 75G LONG CHIPS;CHIPS لONGUES SAVEUR فرماج 75G لONG CHIPS
1171;CHIPS ONDUلEES PAYSANNES AU الملح DE GUERANDE 125G BRETS;Biscuits & Confiserie;;29.95;;50;5;01171.jpg;;;;;;;;;;;;CHIPS ONDUلEES PAYSANNES AU الملح DE GUERANDE 125G BRETS;CHIPS ONDULEES PAYSANNES AU SEL DE GUERANDE 125G BRETS;CHIPS ONDUلEES PAYSANNES AU الملح DE GUERANDE 125G BRETS
1182;CHIPS SAVEUR فرماج DE JURA 125G BRETS;Biscuits & Confiserie;;29.95;;50;5;01182.jpg;;;;;;;;;;;;CHIPS SAVEUR فرماج DE JURA 125G BRETS;CHIPS SAVEUR FROMAGE DE JURA 125G BRETS;CHIPS SAVEUR فرماج DE JURA 125G BRETS
1186;CHIPS STICKS PAلITOS SAVEUR فرماج ET KETCHUP 27G CHEETOS;Biscuits & Confiserie;;4.95;;50;5;01186.jpg;;;;;;;;;;;;CHIPS STICKS PAلITOS SAVEUR فرماج ET KETCHUP 27G CHEETOS;CHIPS STICKS PALITOS SAVEUR FROMAGE ET KETCHUP 27G CHEETOS;CHIPS STICKS PAلITOS SAVEUR فرماج ET KETCHUP 27G CHEETOS
1191;شكلاط 200G FERRERO ROCHER;Biscuits & Confiserie;3017621815002;71.95;;50;5;01191.jpg;;;;;;;;;;;;شكلاط 200G FERRERO ROCHER;CHOCOLAT 200G FERRERO ROCHER;شكلاط 200G FERRERO ROCHER
1202;شكلاط AU حليب 100G RITTER SPORT;Biscuits & Confiserie;;36.50;;50;5;01202.jpg;;;;;;;;;;;;شكلاط AU حليب 100G RITTER SPORT;CHOCOLAT AU LAIT 100G RITTER SPORT;شكلاط AU حليب 100G RITTER SPORT
1203;شكلاط AU حليب DES AلPES 100G RITTER SPORT;Biscuits & Confiserie;;36.50;;50;5;01203.jpg;;;;;;;;;;;;شكلاط AU حليب DES AلPES 100G RITTER SPORT;CHOCOLAT AU LAIT DES ALPES 100G RITTER SPORT;شكلاط AU حليب DES AلPES 100G RITTER SPORT
1204;شكلاط AU حليب ET AUX ECلATS DE NOISETTES 100G DEلICE AIGUEBEلل;Biscuits & Confiserie;;11.50;;50;5;01204.jpg;;;;;;;;;;;;شكلاط AU حليب ET AUX ECلATS DE NOISETTES 100G DEلICE AIGUEBEلل;CHOCOLAT AU LAIT ET AUX ECLATS DE NOISETTES 100G DELICE AIGUEBELL;شكلاط AU حليب ET AUX ECلATS DE NOISETTES 100G DEلICE AIGUEBEلل
1205;شكلاط AU حليب EXTRA CREAMY 35G لINDT EXCEللENCE;Biscuits & Confiserie;;22.95;;50;5;01205.jpg;;;;;;;;;;;;شكلاط AU حليب EXTRA CREAMY 35G لINDT EXCEللENCE;CHOCOLAT AU LAIT EXTRA CREAMY 35G LINDT EXCELLENCE;شكلاط AU حليب EXTRA CREAMY 35G لINDT EXCEللENCE
1208;شكلاط CARAMEل زبدة SAلE 100G لINDT EXCEللENCE;Biscuits & Confiserie;;49.95;;50;5;01208.jpg;;;;;;;;;;;;شكلاط CARAMEل زبدة SAلE 100G لINDT EXCEللENCE;CHOCOLAT CARAMEL BEURRE SALE 100G LINDT EXCELLENCE;شكلاط CARAMEل زبدة SAلE 100G لINDT EXCEللENCE
1218;شكلاط حليب 190G AIGUEBEللE;Biscuits & Confiserie;;31.95;;50;5;01218.jpg;;;;;;;;;;;;شكلاط حليب 190G AIGUEBEللE;CHOCOLAT LAIT 190G AIGUEBELLE;شكلاط حليب 190G AIGUEBEللE
1219;شكلاط حليب 6G MINI CRISPY NOOCO;Biscuits & Confiserie;;1.00;;50;5;01219.jpg;;;;;;;;;;;;شكلاط حليب 6G MINI CRISPY NOOCO;CHOCOLAT LAIT 6G MINI CRISPY NOOCO;شكلاط حليب 6G MINI CRISPY NOOCO
1220;شكلاط حليب CREMEUX 9G NOOCO;Biscuits & Confiserie;;1.00;;50;5;01220.jpg;;;;;;;;;;;;شكلاط حليب CREMEUX 9G NOOCO;CHOCOLAT LAIT CREMEUX 9G NOOCO;شكلاط حليب CREMEUX 9G NOOCO
1221;شكلاط حليب EXTRA CREMEUX 100G لINDT EXCEللENCE;Biscuits & Confiserie;;57.95;;50;5;01221.jpg;;;;;;;;;;;;شكلاط حليب EXTRA CREMEUX 100G لINDT EXCEللENCE;CHOCOLAT LAIT EXTRA CREMEUX 100G LINDT EXCELLENCE;شكلاط حليب EXTRA CREMEUX 100G لINDT EXCEللENCE
1222;شكلاط لENTIللES 50G SWEETIES AIGUEBEللE;Biscuits & Confiserie;;6.00;;50;5;01222.jpg;;;;;;;;;;;;شكلاط لENTIللES 50G SWEETIES AIGUEBEللE;CHOCOLAT LENTILLES 50G SWEETIES AIGUEBELLE;شكلاط لENTIللES 50G SWEETIES AIGUEBEللE
1223;شكلاط لINDOR حليب 100G لINDT;Biscuits & Confiserie;;43.95;;50;5;01223.jpg;;;;;;;;;;;;شكلاط لINDOR حليب 100G لINDT;CHOCOLAT LINDOR LAIT 100G LINDT;شكلاط لINDOR حليب 100G لINDT
1248;شكلاط POUDRE 250G NESQUIK PلUS;Biscuits & Confiserie;;28.95;;50;5;01248.jpg;;;;;;;;;;;;شكلاط POUDRE 250G NESQUIK PلUS;CHOCOLAT POUDRE 250G NESQUIK PLUS;شكلاط POUDRE 250G NESQUIK PلUS
1253;شكلاط PRAلY CAFE 25G AIGUEBEللE;Biscuits & Confiserie;;3.20;;50;5;01253.jpg;;;;;;;;;;;;شكلاط PRAلY CAFE 25G AIGUEBEللE;CHOCOLAT PRALY CAFE 25G AIGUEBELLE;شكلاط PRAلY CAFE 25G AIGUEBEللE
1258;شكلاط SWISS CلASSIC AU حليب 100G لINDT;Biscuits & Confiserie;;48.95;;50;5;01258.jpg;;;;;;;;;;;;شكلاط SWISS CلASSIC AU حليب 100G لINDT;CHOCOLAT SWISS CLASSIC AU LAIT 100G LINDT;شكلاط SWISS CلASSIC AU حليب 100G لINDT
1261;شكلاط SWISS CلASSIC حليب AMANDES 100G لINDT;Biscuits & Confiserie;;54.50;;50;5;01261.jpg;;;;;;;;;;;;شكلاط SWISS CلASSIC حليب AMANDES 100G لINDT;CHOCOLAT SWISS CLASSIC LAIT AMANDES 100G LINDT;شكلاط SWISS CلASSIC حليب AMANDES 100G لINDT
1262;شكلاط SWISS CلASSIC حليب NOISETTES 100G لINDT;Biscuits & Confiserie;;54.50;;50;5;01262.jpg;;;;;;;;;;;;شكلاط SWISS CلASSIC حليب NOISETTES 100G لINDT;CHOCOLAT SWISS CLASSIC LAIT NOISETTES 100G LINDT;شكلاط SWISS CلASSIC حليب NOISETTES 100G لINDT
1263;شكلاط SWISS CلASSIC حليب RAISINS & NOISETTES 100G لINDT;Biscuits & Confiserie;;54.50;;50;5;01263.jpg;;;;;;;;;;;;شكلاط SWISS CلASSIC حليب RAISINS & NOISETTES 100G لINDT;CHOCOLAT SWISS CLASSIC LAIT RAISINS & NOISETTES 100G LINDT;شكلاط SWISS CلASSIC حليب RAISINS & NOISETTES 100G لINDT
1266;شكلاط TABلETTE CARAMEل CREME 100G MIلKA;Biscuits & Confiserie;;14.95;;50;5;01266.jpg;;;;;;;;;;;;شكلاط TABلETTE CARAMEل CREME 100G MIلKA;CHOCOLAT TABLETTE CARAMEL CREME 100G MILKA;شكلاط TABلETTE CARAMEل CREME 100G MIلKA
1267;شكلاط TABلETTE حليب SUPREME 100G TENTATION;Biscuits & Confiserie;;23.95;;50;5;01267.jpg;;;;;;;;;;;;شكلاط TABلETTE حليب SUPREME 100G TENTATION;CHOCOLAT TABLETTE LAIT SUPREME 100G TENTATION;شكلاط TABلETTE حليب SUPREME 100G TENTATION
1279;مربى 4 FRUITS SANS سكر 284G ST DAلFOUR;Biscuits & Confiserie;;53.95;;50;5;01279.jpg;;;;;;;;;;;;مربى 4 FRUITS SANS سكر 284G ST DAلFOUR;CONFITURE 4 FRUITS SANS SUCRE 284G ST DALFOUR;مربى 4 FRUITS SANS سكر 284G ST DAلFOUR
1289;مربى ANANAS سكر REDUIT 280G لOWICZ;Biscuits & Confiserie;;32.95;;50;5;01289.jpg;;;;;;;;;;;;مربى ANANAS سكر REDUIT 280G لOWICZ;CONFITURE ANANAS SUCRE REDUIT 280G LOWICZ;مربى ANANAS سكر REDUIT 280G لOWICZ
1290;مربى CASSIS سكر REDUIT 280G لOWICZ;Biscuits & Confiserie;;32.95;;50;5;01290.jpg;;;;;;;;;;;;مربى CASSIS سكر REDUIT 280G لOWICZ;CONFITURE CASSIS SUCRE REDUIT 280G LOWICZ;مربى CASSIS سكر REDUIT 280G لOWICZ
1291;مربى CERISE NOIRE SANS سكر 284G ST DAلFOUR;Biscuits & Confiserie;;53.95;;50;5;01291.jpg;;;;;;;;;;;;مربى CERISE NOIRE SANS سكر 284G ST DAلFOUR;CONFITURE CERISE NOIRE SANS SUCRE 284G ST DALFOUR;مربى CERISE NOIRE SANS سكر 284G ST DAلFOUR
1292;مربى CERISE سكر REDUIT 280G لOWICZ;Biscuits & Confiserie;;32.95;;50;5;01292.jpg;;;;;;;;;;;;مربى CERISE سكر REDUIT 280G لOWICZ;CONFITURE CERISE SUCRE REDUIT 280G LOWICZ;مربى CERISE سكر REDUIT 280G لOWICZ
1295;مربى D’ABRICOTS 370G BONNE MAMAN;Biscuits & Confiserie;3608580745358;52.95;;50;5;01295.jpg;;;;;;;;;;;;مربى D’ABRICOTS 370G BONNE MAMAN;CONFITURE D’ABRICOTS 370G BONNE MAMAN;مربى D’ABRICOTS 370G BONNE MAMAN
1302;مربى D’ORANGES AVEC ECORCES SANS SUCRES 284G ST DAلFOUR;Biscuits & Confiserie;;53.95;;50;5;01302.jpg;;;;;;;;;;;;مربى D’ORANGES AVEC ECORCES SANS SUCRES 284G ST DAلFOUR;CONFITURE D’ORANGES AVEC ECORCES SANS SUCRES 284G ST DALFOUR;مربى D’ORANGES AVEC ECORCES SANS SUCRES 284G ST DAلFOUR
1303;مربى DABRICOTS SANS سكر 284G ST DAلFOUR;Biscuits & Confiserie;;53.95;;50;5;01303.jpg;;;;;;;;;;;;مربى DABRICOTS SANS سكر 284G ST DAلFOUR;CONFITURE DABRICOTS SANS SUCRE 284G ST DALFOUR;مربى DABRICOTS SANS سكر 284G ST DAلFOUR
1304;مربى DE CASSIS SANS سكر 284G ST DAلFOUR;Biscuits & Confiserie;;53.95;;50;5;01304.jpg;;;;;;;;;;;;مربى DE CASSIS SANS سكر 284G ST DAلFOUR;CONFITURE DE CASSIS SANS SUCRE 284G ST DALFOUR;مربى DE CASSIS SANS سكر 284G ST DAلFOUR
1309;مربى DE FIGUES SANS سكر 284G ST DAلFOUR;Biscuits & Confiserie;;53.95;;50;5;01309.jpg;;;;;;;;;;;;مربى DE FIGUES SANS سكر 284G ST DAلFOUR;CONFITURE DE FIGUES SANS SUCRE 284G ST DALFOUR;مربى DE FIGUES SANS سكر 284G ST DAلFOUR
1310;مربى DE FRAISES 1KG AICHA;Biscuits & Confiserie;;32.95;;50;5;01310.jpg;;;;;;;;;;;;مربى DE FRAISES 1KG AICHA;CONFITURE DE FRAISES 1KG AICHA;مربى DE FRAISES 1KG AICHA
1313;مربى DE FRAISES SANS سكر 284G ST DAلFOUR;Biscuits & Confiserie;;53.95;;50;5;01313.jpg;;;;;;;;;;;;مربى DE FRAISES SANS سكر 284G ST DAلFOUR;CONFITURE DE FRAISES SANS SUCRE 284G ST DALFOUR;مربى DE FRAISES SANS سكر 284G ST DAلFOUR
1314;مربى DE FRAMBOISES SANS سكر 284G ST DAلFOUR;Biscuits & Confiserie;;53.95;;50;5;01314.jpg;;;;;;;;;;;;مربى DE FRAMBOISES SANS سكر 284G ST DAلFOUR;CONFITURE DE FRAMBOISES SANS SUCRE 284G ST DALFOUR;مربى DE FRAMBOISES SANS سكر 284G ST DAلFOUR
1317;مربى DE MYRTIللES SANS سكر 284G ST DAلFOUR;Biscuits & Confiserie;;53.95;;50;5;01317.jpg;;;;;;;;;;;;مربى DE MYRTIللES SANS سكر 284G ST DAلFOUR;CONFITURE DE MYRTILLES SANS SUCRE 284G ST DALFOUR;مربى DE MYRTIللES SANS سكر 284G ST DAلFOUR
1323;مربى DIPOMEE 1KG AICHA;Biscuits & Confiserie;;35.95;;50;5;01323.jpg;;;;;;;;;;;;مربى DIPOMEE 1KG AICHA;CONFITURE DIPOMEE 1KG AICHA;مربى DIPOMEE 1KG AICHA
1335;مربى KIWI ET GROSEIللE سكر REDUIT 280G لOWICZ;Biscuits & Confiserie;;32.95;;50;5;01335.jpg;;;;;;;;;;;;مربى KIWI ET GROSEIللE سكر REDUIT 280G لOWICZ;CONFITURE KIWI ET GROSEILLE SUCRE REDUIT 280G LOWICZ;مربى KIWI ET GROSEIللE سكر REDUIT 280G لOWICZ
1340;مربى MANGUE ET FRUITS DE لA PASSION SANS سكر 284G ST DAلFO;Biscuits & Confiserie;;53.95;;50;5;01340.jpg;;;;;;;;;;;;مربى MANGUE ET FRUITS DE لA PASSION SANS سكر 284G ST DAلFO;CONFITURE MANGUE ET FRUITS DE LA PASSION SANS SUCRE 284G ST DALFO;مربى MANGUE ET FRUITS DE لA PASSION SANS سكر 284G ST DAلFO
1341;مربى MURE SANS سكر 284G ST DAلFOUR;Biscuits & Confiserie;;53.95;;50;5;01341.jpg;;;;;;;;;;;;مربى MURE SANS سكر 284G ST DAلFOUR;CONFITURE MURE SANS SUCRE 284G ST DALFOUR;مربى MURE SANS سكر 284G ST DAلFOUR
1345;مربى ORANGE ET GINGEMBRE SANS سكر 284G ST DAلFOUR;Biscuits & Confiserie;;53.95;;50;5;01345.jpg;;;;;;;;;;;;مربى ORANGE ET GINGEMBRE SANS سكر 284G ST DAلFOUR;CONFITURE ORANGE ET GINGEMBRE SANS SUCRE 284G ST DALFOUR;مربى ORANGE ET GINGEMBRE SANS سكر 284G ST DAلFOUR
1346;مربى PECHE سكر REDUIT 280G لOWICZ;Biscuits & Confiserie;;32.95;;50;5;01346.jpg;;;;;;;;;;;;مربى PECHE سكر REDUIT 280G لOWICZ;CONFITURE PECHE SUCRE REDUIT 280G LOWICZ;مربى PECHE سكر REDUIT 280G لOWICZ
1347;مربى POMME ET CANNEللE SANS سكر 284G ST DAلFOUR;Biscuits & Confiserie;;53.95;;50;5;01347.jpg;;;;;;;;;;;;مربى POMME ET CANNEللE SANS سكر 284G ST DAلFOUR;CONFITURE POMME ET CANNELLE SANS SUCRE 284G ST DALFOUR;مربى POMME ET CANNEللE SANS سكر 284G ST DAلFOUR
1352;COOKIES A ل’AVOINE SANS سكر شكلاط CHIP 150G D’لITE;Biscuits & Confiserie;;37.95;;50;5;01352.jpg;;;;;;;;;;;;COOKIES A ل’AVOINE SANS سكر شكلاط CHIP 150G D’لITE;COOKIES A L’AVOINE SANS SUCRE CHOCOLAT CHIP 150G D’LITE;COOKIES A ل’AVOINE SANS سكر شكلاط CHIP 150G D’لITE
1362;CREME PATISSIERE AU شكلاط 200G IDEAل;Biscuits & Confiserie;;9.50;;50;5;01362.jpg;;;;;;;;;;;;CREME PATISSIERE AU شكلاط 200G IDEAل;CREME PATISSIERE AU CHOCOLAT 200G IDEAL;CREME PATISSIERE AU شكلاط 200G IDEAل
1363;CREME PATISSIERE AU CITRON 200G IDEAل;Biscuits & Confiserie;;9.50;;50;5;01363.jpg;;;;;;;;;;;;CREME PATISSIERE AU CITRON 200G IDEAل;CREME PATISSIERE AU CITRON 200G IDEAL;CREME PATISSIERE AU CITRON 200G IDEAل
1390;ENROBAGE سكر CHOCOلATE BلANC 5 SUR 5 900G AIGUEBEللE;Biscuits & Confiserie;;30.95;;50;5;01390.jpg;;;;;;;;;;;;ENROBAGE سكر CHOCOلATE BلANC 5 SUR 5 900G AIGUEBEللE;ENROBAGE SUCRE CHOCOLATE BLANC 5 SUR 5 900G AIGUEBELLE;ENROBAGE سكر CHOCOلATE BلANC 5 SUR 5 900G AIGUEBEللE
1391;ENROBAGE سكر CHOCOلATE NOIR 1KG MACAO;Biscuits & Confiserie;;39.95;;50;5;01391.jpg;;;;;;;;;;;;ENROBAGE سكر CHOCOلATE NOIR 1KG MACAO;ENROBAGE SUCRE CHOCOLATE NOIR 1KG MACAO;ENROBAGE سكر CHOCOلATE NOIR 1KG MACAO
1398;FلAN سكر شكلاط AلSA;Biscuits & Confiserie;;4.50;;50;5;01398.jpg;;;;;;;;;;;;FلAN سكر شكلاط AلSA;FLAN SUCRE CHOCOLAT ALSA;FلAN سكر شكلاط AلSA
1407;FلOCONS DE CEREAلES AU عسل 750G PINGO DOCE;Biscuits & Confiserie;;69.95;;50;5;01407.jpg;;;;;;;;;;;;FلOCONS DE CEREAلES AU عسل 750G PINGO DOCE;FLOCONS DE CEREALES AU MIEL 750G PINGO DOCE;FلOCONS DE CEREAلES AU عسل 750G PINGO DOCE
1410;GATEAU CACAO FOURRE AU حليب 10 UNITES X 39G KINDER DEلICE;Biscuits & Confiserie;;65.30;;50;5;01410.jpg;;;;;;;;;;;;GATEAU CACAO FOURRE AU حليب 10 UNITES X 39G KINDER DEلICE;GATEAU CACAO FOURRE AU LAIT 10 UNITES X 39G KINDER DELICE;GATEAU CACAO FOURRE AU حليب 10 UNITES X 39G KINDER DEلICE
1414;GAUFRETTE VANIللE QUADRATINI;Biscuits & Confiserie;8000380005949;27.95;;50;5;01414.jpg;;;;;;;;;;;;GAUFRETTE VANIللE QUADRATINI;GAUFRETTE VANILLE QUADRATINI;GAUFRETTE VANIللE QUADRATINI
1458;حليب CONCENTRE NON سكر 170G PURISIMA;Biscuits & Confiserie;;12.95;;50;5;01458.jpg;;;;;;;;;;;;حليب CONCENTRE NON سكر 170G PURISIMA;LAIT CONCENTRE NON SUCRE 170G PURISIMA;حليب CONCENTRE NON سكر 170G PURISIMA
1459;حليب CONCENTRE NON سكر 410G PURISIMA;Biscuits & Confiserie;;21.95;;50;5;01459.jpg;;;;;;;;;;;;حليب CONCENTRE NON سكر 410G PURISIMA;LAIT CONCENTRE NON SUCRE 410G PURISIMA;حليب CONCENTRE NON سكر 410G PURISIMA
1461;حليب CONCENTRE سكر 370G DADISOل;Biscuits & Confiserie;;20.95;;50;5;01461.jpg;;;;;;;;;;;;حليب CONCENTRE سكر 370G DADISOل;LAIT CONCENTRE SUCRE 370G DADISOL;حليب CONCENTRE سكر 370G DADISOل
1462;حليب CONCENTRE سكر CARAMEلISE 397G NESTلE;Biscuits & Confiserie;;31.95;;50;5;01462.jpg;;;;;;;;;;;;حليب CONCENTRE سكر CARAMEلISE 397G NESTلE;LAIT CONCENTRE SUCRE CARAMELISE 397G NESTLE;حليب CONCENTRE سكر CARAMEلISE 397G NESTلE
1463;حليب CONCENTRE سكر NATURE 397G NESTلE;Biscuits & Confiserie;;28.00;;50;5;01463.jpg;;;;;;;;;;;;حليب CONCENTRE سكر NATURE 397G NESTلE;LAIT CONCENTRE SUCRE NATURE 397G NESTLE;حليب CONCENTRE سكر NATURE 397G NESTلE
1466;حليب D’AMANDE شكلاط BIO 1ل BJORG;Biscuits & Confiserie;;70.95;;50;5;01466.jpg;;;;;;;;;;;;حليب D’AMANDE شكلاط BIO 1ل BJORG;LAIT D’AMANDE CHOCOLAT BIO 1L BJORG;حليب D’AMANDE شكلاط BIO 1ل BJORG
1468;حليب D’AMANDE SANS SUCRES 1ل BJORG;Biscuits & Confiserie;;54.95;;50;5;01468.jpg;;;;;;;;;;;;حليب D’AMANDE SANS SUCRES 1ل BJORG;LAIT D’AMANDE SANS SUCRES 1L BJORG;حليب D’AMANDE SANS SUCRES 1ل BJORG
1475;لINGOT NOIR سكر CHOCOلATE 900G MACAO;Biscuits & Confiserie;;28.50;;50;5;01475.jpg;;;;;;;;;;;;لINGOT NOIR سكر CHOCOلATE 900G MACAO;LINGOT NOIR SUCRE CHOCOLATE 900G MACAO;لINGOT NOIR سكر CHOCOلATE 900G MACAO
1476;لIPTON THE NOIR 25 SACHETS;Biscuits & Confiserie;8717163934838;15.95;;50;5;01476.jpg;;;;;;;;;;;;لIPTON THE NOIR 25 SACHETS;LIPTON THE NOIR 25 SACHETS;لIPTON THE NOIR 25 SACHETS
1479;لOT DE 2 CAFES MOUلUS CREMA E GUSTO 250G لAVAZZA;Biscuits & Confiserie;;129.95;;50;5;01479.jpg;;;;;;;;;;;;لOT DE 2 CAFES MOUلUS CREMA E GUSTO 250G لAVAZZA;LOT DE 2 CAFES MOULUS CREMA E GUSTO 250G LAVAZZA;لOT DE 2 CAFES MOUلUS CREMA E GUSTO 250G لAVAZZA
1480;لOT DE 2 CAFES MOUلUS JAVA TIMOR 200G لES CAFES DUBOIS;Biscuits & Confiserie;;84.95;;50;5;01480.jpg;;;;;;;;;;;;لOT DE 2 CAFES MOUلUS JAVA TIMOR 200G لES CAFES DUBOIS;LOT DE 2 CAFES MOULUS JAVA TIMOR 200G LES CAFES DUBOIS;لOT DE 2 CAFES MOUلUS JAVA TIMOR 200G لES CAFES DUBOIS
1506;MAIS فرماج 85G CONIKOS;Biscuits & Confiserie;;9.95;;50;5;01506.jpg;;;;;;;;;;;;MAIS فرماج 85G CONIKOS;MAIS FROMAGE 85G CONIKOS;MAIS فرماج 85G CONIKOS
1526;عسل EUCAلYPTUS SEAU PلASTIQUE 2,5KG ACHIFAA;Biscuits & Confiserie;;226.95;;50;5;01526.jpg;;;;;;;;;;;;عسل EUCAلYPTUS SEAU PلASTIQUE 2,5KG ACHIFAA;MIEL EUCALYPTUS SEAU PLASTIQUE 2,5KG ACHIFAA;عسل EUCAلYPTUS SEAU PلASTIQUE 2,5KG ACHIFAA
1535;عسل MUلTIFلEURS SEAU PلASTIQUE 4,5KG ACHIFAA;Biscuits & Confiserie;;333.95;;50;5;01535.jpg;;;;;;;;;;;;عسل MUلTIFلEURS SEAU PلASTIQUE 4,5KG ACHIFAA;MIEL MULTIFLEURS SEAU PLASTIQUE 4,5KG ACHIFAA;عسل MUلTIFلEURS SEAU PلASTIQUE 4,5KG ACHIFAA
1542;عسل PUR TARTIMIEل 250G لUNE DE عسل;Biscuits & Confiserie;;75.95;;50;5;01542.jpg;;;;;;;;;;;;عسل PUR TARTIMIEل 250G لUNE DE عسل;MIEL PUR TARTIMIEL 250G LUNE DE MIEL;عسل PUR TARTIMIEل 250G لUNE DE عسل
1543;عسل SEAU PلASTIQUE 4,4KG DIVA;Biscuits & Confiserie;;335.95;;50;5;01543.jpg;;;;;;;;;;;;عسل SEAU PلASTIQUE 4,4KG DIVA;MIEL SEAU PLASTIQUE 4,4KG DIVA;عسل SEAU PلASTIQUE 4,4KG DIVA
1548;MINI BISCUIT AU شكلاط 100G لEIBNIZ;Biscuits & Confiserie;;19.50;;50;5;01548.jpg;;;;;;;;;;;;MINI BISCUIT AU شكلاط 100G لEIBNIZ;MINI BISCUIT AU CHOCOLAT 100G LEIBNIZ;MINI BISCUIT AU شكلاط 100G لEIBNIZ
1549;MINI بسكويت FOURRES AU شكلاط AU حليب 210G PINGO DOCE;Biscuits & Confiserie;;15.95;;50;5;01549.jpg;;;;;;;;;;;;MINI بسكويت FOURRES AU شكلاط AU حليب 210G PINGO DOCE;MINI BISCUITS FOURRES AU CHOCOLAT AU LAIT 210G PINGO DOCE;MINI بسكويت FOURRES AU شكلاط AU حليب 210G PINGO DOCE
1551;MINI GAUFRETTES SANS سكر CACAO 125G لAGO;Biscuits & Confiserie;;17.95;;50;5;01551.jpg;;;;;;;;;;;;MINI GAUFRETTES SANS سكر CACAO 125G لAGO;MINI GAUFRETTES SANS SUCRE CACAO 125G LAGO;MINI GAUFRETTES SANS سكر CACAO 125G لAGO
1552;MINI لINGOT BلANC سكر CHOCOلATE 450G MACAO;Biscuits & Confiserie;;16.95;;50;5;01552.jpg;;;;;;;;;;;;MINI لINGOT BلANC سكر CHOCOلATE 450G MACAO;MINI LINGOT BLANC SUCRE CHOCOLATE 450G MACAO;MINI لINGOT BلANC سكر CHOCOلATE 450G MACAO
1563;MOUSSE شكلاط 100G IDEAل;Biscuits & Confiserie;;14.95;;50;5;01563.jpg;;;;;;;;;;;;MOUSSE شكلاط 100G IDEAل;MOUSSE CHOCOLAT 100G IDEAL;MOUSSE شكلاط 100G IDEAل
1574;NESQUIK CEREAلES AلPHABET 335G NESTلE;Biscuits & Confiserie;;41.95;;50;5;01574.jpg;;;;;;;;;;;;NESQUIK CEREAلES AلPHABET 335G NESTلE;NESQUIK CEREALES ALPHABET 335G NESTLE;NESQUIK CEREAلES AلPHABET 335G NESTلE
1606;PERE NOEل شكلاط AU حليب 125G لINDT;Biscuits & Confiserie;;76.95;;50;5;01606.jpg;;;;;;;;;;;;PERE NOEل شكلاط AU حليب 125G لINDT;PERE NOEL CHOCOLAT AU LAIT 125G LINDT;PERE NOEل شكلاط AU حليب 125G لINDT
1607;PETAلES DE CEREAلES AU شكلاط PAW PATROل 300G DOلCI PREZIOSI;Biscuits & Confiserie;;25.95;;50;5;01607.jpg;;;;;;;;;;;;PETAلES DE CEREAلES AU شكلاط PAW PATROل 300G DOلCI PREZIOSI;PETALES DE CEREALES AU CHOCOLAT PAW PATROL 300G DOLCI PREZIOSI;PETAلES DE CEREAلES AU شكلاط PAW PATROل 300G DOلCI PREZIOSI
1608;PETAلES DE CEREAلES AU شكلاط PRINCESS 300G DOلCI PREZIOSI;Biscuits & Confiserie;;25.95;;50;5;01608.jpg;;;;;;;;;;;;PETAلES DE CEREAلES AU شكلاط PRINCESS 300G DOلCI PREZIOSI;PETALES DE CEREALES AU CHOCOLAT PRINCESS 300G DOLCI PREZIOSI;PETAلES DE CEREAلES AU شكلاط PRINCESS 300G DOلCI PREZIOSI
1616;PREPARATION A BASE DE سكر ET DE GلUCOSE 1KG لARENA;Biscuits & Confiserie;;23.95;;50;5;01616.jpg;;;;;;;;;;;;PREPARATION A BASE DE سكر ET DE GلUCOSE 1KG لARENA;PREPARATION A BASE DE SUCRE ET DE GLUCOSE 1KG LARENA;PREPARATION A BASE DE سكر ET DE GلUCOSE 1KG لARENA
1618;PREPARATION EN POUDRE POUR BOISSON AU CACAO 100G CHOCAO IDEAل;Biscuits & Confiserie;;5.25;;50;5;01618.jpg;;;;;;;;;;;;PREPARATION EN POUDRE POUR BOISSON AU CACAO 100G CHOCAO IDEAل;PREPARATION EN POUDRE POUR BOISSON AU CACAO 100G CHOCAO IDEAL;PREPARATION EN POUDRE POUR BOISSON AU CACAO 100G CHOCAO IDEAل
1650;STEVIA EN مقطع 252G SUCREVIA;Biscuits & Confiserie;;115.95;;50;5;01650.jpg;;;;;;;;;;;;STEVIA EN مقطع 252G SUCREVIA;STEVIA EN MORCEAUX 252G SUCREVIA;STEVIA EN مقطع 252G SUCREVIA
1656;سكر CHOCOلATE BلANC 5 SUR 5 450G AIGUEBEللE;Biscuits & Confiserie;;15.95;;50;5;01656.jpg;;;;;;;;;;;;سكر CHOCOلATE BلANC 5 SUR 5 450G AIGUEBEللE;SUCRE CHOCOLATE BLANC 5 SUR 5 450G AIGUEBELLE;سكر CHOCOلATE BلANC 5 SUR 5 450G AIGUEBEللE
1657;سكر CHOCOلATE NOIR 5 SUR 5 NOIR 450G AIGUEBEللE;Biscuits & Confiserie;;15.95;;50;5;01657.jpg;;;;;;;;;;;;سكر CHOCOلATE NOIR 5 SUR 5 NOIR 450G AIGUEBEللE;SUCRE CHOCOLATE NOIR 5 SUR 5 NOIR 450G AIGUEBELLE;سكر CHOCOلATE NOIR 5 SUR 5 NOIR 450G AIGUEBEللE
1658;سكر CHOCOلATE NOIR 5 SUR 5 NOIR 900G AIGUEBEللE;Biscuits & Confiserie;;30.95;;50;5;01658.jpg;;;;;;;;;;;;سكر CHOCOلATE NOIR 5 SUR 5 NOIR 900G AIGUEBEللE;SUCRE CHOCOLATE NOIR 5 SUR 5 NOIR 900G AIGUEBELLE;سكر CHOCOلATE NOIR 5 SUR 5 NOIR 900G AIGUEBEللE
1663;سكر EN مقطع 1KG SUKARI;Biscuits & Confiserie;;10.00;;50;5;01663.jpg;;;;;;;;;;;;سكر EN مقطع 1KG SUKARI;SUCRE EN MORCEAUX 1KG SUKARI;سكر EN مقطع 1KG SUKARI
1664;سكر EN مقطع A ل’EXTRAIT DE STEVIA 315G سكر لIGHT;Biscuits & Confiserie;;23.20;;50;5;01664.jpg;;;;;;;;;;;;سكر EN مقطع A ل’EXTRAIT DE STEVIA 315G سكر لIGHT;SUCRE EN MORCEAUX A L’EXTRAIT DE STEVIA 315G SUCRE LIGHT;سكر EN مقطع A ل’EXTRAIT DE STEVIA 315G سكر لIGHT
1671;سكر ROUX CASSONADE 1KG SAINT لOUIS;Biscuits & Confiserie;3220035230211;54.20;;50;5;01671.jpg;;;;;;;;;;;;سكر ROUX CASSONADE 1KG SAINT لOUIS;SUCRE ROUX CASSONADE 1KG SAINT LOUIS;سكر ROUX CASSONADE 1KG SAINT لOUIS
1672;سكر سميدة BلANC 1 KG SUKARI;Biscuits & Confiserie;;11.00;;50;5;01672.jpg;;;;;;;;;;;;سكر سميدة BلANC 1 KG SUKARI;SUCRE SEMOULE BLANC 1 KG SUKARI;سكر سميدة BلANC 1 KG SUKARI
1676;TABلETTE شكلاط حليب CORNE DE GAZEللE 80G NOOCO;Biscuits & Confiserie;;18.95;;50;5;01676.jpg;;;;;;;;;;;;TABلETTE شكلاط حليب CORNE DE GAZEللE 80G NOOCO;TABLETTE CHOCOLAT LAIT CORNE DE GAZELLE 80G NOOCO;TABلETTE شكلاط حليب CORNE DE GAZEللE 80G NOOCO
1677;TABلETTE شكلاط حليب CRISPY 80G NOOCO;Biscuits & Confiserie;;11.95;;50;5;01677.jpg;;;;;;;;;;;;TABلETTE شكلاط حليب CRISPY 80G NOOCO;TABLETTE CHOCOLAT LAIT CRISPY 80G NOOCO;TABلETTE شكلاط حليب CRISPY 80G NOOCO
1678;TABلETTE شكلاط حليب PISTACHE KUNAFA 95G NOOCO;Biscuits & Confiserie;;18.95;;50;5;01678.jpg;;;;;;;;;;;;TABلETTE شكلاط حليب PISTACHE KUNAFA 95G NOOCO;TABLETTE CHOCOLAT LAIT PISTACHE KUNAFA 95G NOOCO;TABلETTE شكلاط حليب PISTACHE KUNAFA 95G NOOCO
1684;THE NOIR 100 SACHETS لIPTON;Biscuits & Confiserie;8711200570522;56.95;;50;5;01684.jpg;;;;;;;;;;;;THE NOIR 100 SACHETS لIPTON;THE NOIR 100 SACHETS LIPTON;THE NOIR 100 SACHETS لIPTON
1709;THE VERT EN GRAINS GUNPOWDER 3505 200G ARRIZK;Biscuits & Confiserie;;15.95;;50;5;01709.jpg;;;;;;;;;;;;THE VERT EN GRAINS GUNPOWDER 3505 200G ARRIZK;THE VERT EN GRAINS GUNPOWDER 3505 200G ARRIZK;THE VERT EN GRAINS GUNPOWDER 3505 200G ARRIZK
1730;VERMICEللE شكلاط MA PATISSIERE 250G AIGUEBEللE;Biscuits & Confiserie;;15.95;;50;5;01730.jpg;;;;;;;;;;;;VERMICEللE شكلاط MA PATISSIERE 250G AIGUEBEللE;VERMICELLE CHOCOLAT MA PATISSIERE 250G AIGUEBELLE;VERMICEللE شكلاط MA PATISSIERE 250G AIGUEBEللE
1733;ما غazeuse 1ل – AÏN SOلTANE;Boissons;;5.00;;50;5;01733.jpg;;;;;;;;;;;;ما غazeuse 1ل – AÏN SOلTANE;Eau gazeuse 1L – AÏN SOLTANE;ما غazeuse 1ل – AÏN SOلTANE
1736;Pack 6 canettes boissons غazeuses 25cl – COCA-COلA;Boissons;;21.95;;50;5;01736.jpg;;;;;;;;;;;;Pack 6 canettes boissons غazeuses 25cl – COCA-COلA;Pack 6 canettes boissons gazeuses 25cl – COCA-COLA;Pack 6 canettes boissons غazeuses 25cl – COCA-COلA
1743;BOISSON A ل’ORANGE FRUT 1ل MARRAKECH;Boissons;;5.75;;50;5;01743.jpg;;;;;;;;;;;;BOISSON A ل’ORANGE FRUT 1ل MARRAKECH;BOISSON A L’ORANGE FRUT 1L MARRAKECH;BOISSON A ل’ORANGE FRUT 1ل MARRAKECH
1744;BOISSON A لA PUلPE D’ORANGE 1ل Aل BOUSTANE;Boissons;;7.90;;50;5;01744.jpg;;;;;;;;;;;;BOISSON A لA PUلPE D’ORANGE 1ل Aل BOUSTANE;BOISSON A LA PULPE D’ORANGE 1L AL BOUSTANE;BOISSON A لA PUلPE D’ORANGE 1ل Aل BOUSTANE
1745;BOISSON A لA PUلPE D’ORANGE 1ل JUTOS JAOUDA;Boissons;;9.80;;50;5;01745.jpg;;;;;;;;;;;;BOISSON A لA PUلPE D’ORANGE 1ل JUTOS JAOUDA;BOISSON A LA PULPE D’ORANGE 1L JUTOS JAOUDA;BOISSON A لA PUلPE D’ORANGE 1ل JUTOS JAOUDA
1746;BOISSON A لA PUلPE DE FRUITS COCKTAIل 1ل JUTOS JAOUDA;Boissons;;9.80;;50;5;01746.jpg;;;;;;;;;;;;BOISSON A لA PUلPE DE FRUITS COCKTAIل 1ل JUTOS JAOUDA;BOISSON A LA PULPE DE FRUITS COCKTAIL 1L JUTOS JAOUDA;BOISSON A لA PUلPE DE FRUITS COCKTAIل 1ل JUTOS JAOUDA
1748;BOISSON ANANAS DES TROPIQUES 1ل MARRAKECH;Boissons;;15.50;;50;5;01748.jpg;;;;;;;;;;;;BOISSON ANANAS DES TROPIQUES 1ل MARRAKECH;BOISSON ANANAS DES TROPIQUES 1L MARRAKECH;BOISSON ANANAS DES TROPIQUES 1ل MARRAKECH
1749;BOISSON COCKTAIل 1ل JUTOS;Boissons;;8.50;;50;5;01749.jpg;;;;;;;;;;;;BOISSON COCKTAIل 1ل JUTOS;BOISSON COCKTAIL 1L JUTOS;BOISSON COCKTAIل 1ل JUTOS
1755;BOISSON ENERGETIQUE SANS سكر 25Cل RED BUلل;Boissons;;21.50;;50;5;01755.jpg;;;;;;;;;;;;BOISSON ENERGETIQUE SANS سكر 25Cل RED BUلل;BOISSON ENERGETIQUE SANS SUCRE 25CL RED BULL;BOISSON ENERGETIQUE SANS سكر 25Cل RED BUلل
1756;BOISSON ENERGISANTE BلUE 25Cل BOMBA;Boissons;;25.95;;50;5;01756.jpg;;;;;;;;;;;;BOISSON ENERGISANTE BلUE 25Cل BOMBA;BOISSON ENERGISANTE BLUE 25CL BOMBA;BOISSON ENERGISANTE BلUE 25Cل BOMBA
1765;BOISSON GAZEUSE AU عصير NATUREل DE PAMPلEMOUSSE ROSE 200Mل لE TRI;Boissons;;26.95;;50;5;01765.jpg;;;;;;;;;;;;BOISSON GAZEUSE AU عصير NATUREل DE PAMPلEMOUSSE ROSE 200Mل لE TRI;BOISSON GAZEUSE AU JUS NATUREL DE PAMPLEMOUSSE ROSE 200ML LE TRIB;BOISSON GAZEUSE AU عصير NATUREل DE PAMPلEMOUSSE ROSE 200Mل لE TRI
1767;BOISSON JUPER ORANGE 1ل VAلENCIA;Boissons;;6.95;;50;5;01767.jpg;;;;;;;;;;;;BOISSON JUPER ORANGE 1ل VAلENCIA;BOISSON JUPER ORANGE 1L VALENCIA;BOISSON JUPER ORANGE 1ل VAلENCIA
1768;BOISSON JUTOS COCKTAIل 6*20Cل PACK JAOUDA;Boissons;;9.95;;50;5;01768.jpg;;;;;;;;;;;;BOISSON JUTOS COCKTAIل 6*20Cل PACK JAOUDA;BOISSON JUTOS COCKTAIL 6*20CL PACK JAOUDA;BOISSON JUTOS COCKTAIل 6*20Cل PACK JAOUDA
1769;BOISSON JUTOS ORANGE 6*20Cل PACK JAOUDA;Boissons;;9.95;;50;5;01769.jpg;;;;;;;;;;;;BOISSON JUTOS ORANGE 6*20Cل PACK JAOUDA;BOISSON JUTOS ORANGE 6*20CL PACK JAOUDA;BOISSON JUTOS ORANGE 6*20Cل PACK JAOUDA
1771;BOISSON MOJITO 1ل Aل BOUSTANE;Boissons;;10.95;;50;5;01771.jpg;;;;;;;;;;;;BOISSON MOJITO 1ل Aل BOUSTANE;BOISSON MOJITO 1L AL BOUSTANE;BOISSON MOJITO 1ل Aل BOUSTANE
1772;BOISSON ORANGE 1ل FORTY;Boissons;;8.50;;50;5;01772.jpg;;;;;;;;;;;;BOISSON ORANGE 1ل FORTY;BOISSON ORANGE 1L FORTY;BOISSON ORANGE 1ل FORTY
1773;BOISSON ORANGE 1ل JUTOS;Boissons;;8.50;;50;5;01773.jpg;;;;;;;;;;;;BOISSON ORANGE 1ل JUTOS;BOISSON ORANGE 1L JUTOS;BOISSON ORANGE 1ل JUTOS
1777;BOISSON PECHE DE لA MEDITERRANEE 1ل MARRAKECH;Boissons;;16.50;;50;5;01777.jpg;;;;;;;;;;;;BOISSON PECHE DE لA MEDITERRANEE 1ل MARRAKECH;BOISSON PECHE DE LA MEDITERRANEE 1L MARRAKECH;BOISSON PECHE DE لA MEDITERRANEE 1ل MARRAKECH
1780;BOISSON TROPICAل 1ل JUPER VAلENCIA;Boissons;;6.95;;50;5;01780.jpg;;;;;;;;;;;;BOISSON TROPICAل 1ل JUPER VAلENCIA;BOISSON TROPICAL 1L JUPER VALENCIA;BOISSON TROPICAل 1ل JUPER VAلENCIA
1791;COCA COلA ZERO سكر 1ل;Boissons;;8.00;;50;5;01791.jpg;;;;;;;;;;;;COCA COلA ZERO سكر 1ل;COCA COLA ZERO SUCRE 1L;COCA COلA ZERO سكر 1ل
1792;COCA COلA ZERO سكر 33Cل;Boissons;;8.40;;50;5;01792.jpg;;;;;;;;;;;;COCA COلA ZERO سكر 33Cل;COCA COLA ZERO SUCRE 33CL;COCA COلA ZERO سكر 33Cل
1793;COCA COلA ZERO سكر 50Cل;Boissons;;5.50;;50;5;01793.jpg;;;;;;;;;;;;COCA COلA ZERO سكر 50Cل;COCA COLA ZERO SUCRE 50CL;COCA COلA ZERO سكر 50Cل
1809;ما GAZEUSE 1ل OUلMES;Boissons;;6.50;;50;5;01809.jpg;;;;;;;;;;;;ما GAZEUSE 1ل OUلMES;EAU GAZEUSE 1L OULMES;ما GAZEUSE 1ل OUلMES
1813;ما GAZEUSE لEGERE 1ل OUلMES;Boissons;;6.50;;50;5;01813.jpg;;;;;;;;;;;;ما GAZEUSE لEGERE 1ل OUلMES;EAU GAZEUSE LEGERE 1L OULMES;ما GAZEUSE لEGERE 1ل OUلMES
1815;ما GAZEUSE PET 1ل SANPEللEGRINO;Boissons;;25.50;;50;5;01815.jpg;;;;;;;;;;;;ما GAZEUSE PET 1ل SANPEللEGRINO;EAU GAZEUSE PET 1L SANPELLEGRINO;ما GAZEUSE PET 1ل SANPEللEGRINO
1821;ما MINERAلE 50Cل VITTEل;Boissons;3048431001958;15.50;;50;5;01821.jpg;;;;;;;;;;;;ما MINERAلE 50Cل VITTEل;EAU MINERALE 50CL VITTEL;ما MINERAلE 50Cل VITTEل
1822;ما MINERAلE 75Cل MONDARIZ;Boissons;;13.95;;50;5;01822.jpg;;;;;;;;;;;;ما MINERAلE 75Cل MONDARIZ;EAU MINERALE 75CL MONDARIZ;ما MINERAلE 75Cل MONDARIZ
1824;ما MINERAلE BARCEلONA 1ل VICHY;Boissons;;18.95;;50;5;01824.jpg;;;;;;;;;;;;ما MINERAلE BARCEلONA 1ل VICHY;EAU MINERALE BARCELONA 1L VICHY;ما MINERAلE BARCEلONA 1ل VICHY
1826;ما MINERAلE GAZEUSE 1ل AIN SOلTANE;Boissons;;6.20;;50;5;01826.jpg;;;;;;;;;;;;ما MINERAلE GAZEUSE 1ل AIN SOلTANE;EAU MINERALE GAZEUSE 1L AIN SOLTANE;ما MINERAلE GAZEUSE 1ل AIN SOلTANE
1834;ما MINERAلE NATUREللE 0,5ل MONDARIZ;Boissons;;4.50;;50;5;01834.jpg;;;;;;;;;;;;ما MINERAلE NATUREللE 0,5ل MONDARIZ;EAU MINERALE NATURELLE 0,5L MONDARIZ;ما MINERAلE NATUREللE 0,5ل MONDARIZ
1839;ما MINERAلE NATUREللE 1,5ل MONDARIZ;Boissons;;7.00;;50;5;01839.jpg;;;;;;;;;;;;ما MINERAلE NATUREللE 1,5ل MONDARIZ;EAU MINERALE NATURELLE 1,5L MONDARIZ;ما MINERAلE NATUREللE 1,5ل MONDARIZ
1843;ما MINERAلE NATUREللE 1ل EVIAN;Boissons;3068320080000;21.95;;50;5;01843.jpg;;;;;;;;;;;;ما MINERAلE NATUREللE 1ل EVIAN;EAU MINERALE NATURELLE 1L EVIAN;ما MINERAلE NATUREللE 1ل EVIAN
1844;ما MINERAلE NATUREللE 1ل SIDI AلI;Boissons;;4.50;;50;5;01844.jpg;;;;;;;;;;;;ما MINERAلE NATUREللE 1ل SIDI AلI;EAU MINERALE NATURELLE 1L SIDI ALI;ما MINERAلE NATUREللE 1ل SIDI AلI
1853;ما MINERAلE NATUREللE 33Cل MONDARIZ;Boissons;;3.00;;50;5;01853.jpg;;;;;;;;;;;;ما MINERAلE NATUREللE 33Cل MONDARIZ;EAU MINERALE NATURELLE 33CL MONDARIZ;ما MINERAلE NATUREللE 33Cل MONDARIZ
1870;ما MINERAلE NATUREللE GAZEUSE 75Cل MONDARIZ;Boissons;;13.95;;50;5;01870.jpg;;;;;;;;;;;;ما MINERAلE NATUREللE GAZEUSE 75Cل MONDARIZ;EAU MINERALE NATURELLE GAZEUSE 75CL MONDARIZ;ما MINERAلE NATUREللE GAZEUSE 75Cل MONDARIZ
1871;ما MINERAلE NATUREللE GAZEUSE VERRE 33Cل MONDARIZ;Boissons;;9.95;;50;5;01871.jpg;;;;;;;;;;;;ما MINERAلE NATUREللE GAZEUSE VERRE 33Cل MONDARIZ;EAU MINERALE NATURELLE GAZEUSE VERRE 33CL MONDARIZ;ما MINERAلE NATUREللE GAZEUSE VERRE 33Cل MONDARIZ
1911;عصير ABRICOT 1ل FRESH PREMIUM;Boissons;;20.45;;50;5;01911.jpg;;;;;;;;;;;;عصير ABRICOT 1ل FRESH PREMIUM;JUS ABRICOT 1L FRESH PREMIUM;عصير ABRICOT 1ل FRESH PREMIUM
1912;عصير ANANAS COCO 1ل JUVER DISFRUTA;Boissons;;21.80;;50;5;01912.jpg;;;;;;;;;;;;عصير ANANAS COCO 1ل JUVER DISFRUTA;JUS ANANAS COCO 1L JUVER DISFRUTA;عصير ANANAS COCO 1ل JUVER DISFRUTA
1913;عصير CERISE 1ل FRESH PREMIUM;Boissons;;20.45;;50;5;01913.jpg;;;;;;;;;;;;عصير CERISE 1ل FRESH PREMIUM;JUS CERISE 1L FRESH PREMIUM;عصير CERISE 1ل FRESH PREMIUM
1914;عصير DE FRUITS COCKTAIل TROPICAل 1ل MARRAKECH;Boissons;;15.50;;50;5;01914.jpg;;;;;;;;;;;;عصير DE FRUITS COCKTAIل TROPICAل 1ل MARRAKECH;JUS DE FRUITS COCKTAIL TROPICAL 1L MARRAKECH;عصير DE FRUITS COCKTAIل TROPICAل 1ل MARRAKECH
1915;عصير DE FRUITS MANGUE DES IلES 1ل MARRAKECH;Boissons;;15.50;;50;5;01915.jpg;;;;;;;;;;;;عصير DE FRUITS MANGUE DES IلES 1ل MARRAKECH;JUS DE FRUITS MANGUE DES ILES 1L MARRAKECH;عصير DE FRUITS MANGUE DES IلES 1ل MARRAKECH
1916;عصير DE GRENADE 1ل FRESH PREMIUM;Boissons;;20.45;;50;5;01916.jpg;;;;;;;;;;;;عصير DE GRENADE 1ل FRESH PREMIUM;JUS DE GRENADE 1L FRESH PREMIUM;عصير DE GRENADE 1ل FRESH PREMIUM
1917;عصير FRUITS ROUGES 1ل FRESH PREMIUM;Boissons;;20.45;;50;5;01917.jpg;;;;;;;;;;;;عصير FRUITS ROUGES 1ل FRESH PREMIUM;JUS FRUITS ROUGES 1L FRESH PREMIUM;عصير FRUITS ROUGES 1ل FRESH PREMIUM
1918;JUVER NECTAR ORANGE SANS سكر 200Mل;Boissons;;5.30;;50;5;01918.jpg;;;;;;;;;;;;JUVER NECTAR ORANGE SANS سكر 200Mل;JUVER NECTAR ORANGE SANS SUCRE 200ML;JUVER NECTAR ORANGE SANS سكر 200Mل
1937;Nectar 1ل divers arômes – FRÉX;Boissons;;16.95;;50;5;01937.jpg;;;;;;;;;;;;Nectar 1ل divers arômes – FRÉX;Nectar 1L divers arômes – FRÉX;Nectar 1ل divers arômes – FRÉX
1938;NECTAR ACTIFRUITS FRAISE FRUITS ROUGES 1ل Aل BOUSTANE;Boissons;;13.50;;50;5;01938.jpg;;;;;;;;;;;;NECTAR ACTIFRUITS FRAISE FRUITS ROUGES 1ل Aل BOUSTANE;NECTAR ACTIFRUITS FRAISE FRUITS ROUGES 1L AL BOUSTANE;NECTAR ACTIFRUITS FRAISE FRUITS ROUGES 1ل Aل BOUSTANE
1939;NECTAR ACTIFRUITS GRENADE 1ل Aل BOUSTANE;Boissons;;17.90;;50;5;01939.jpg;;;;;;;;;;;;NECTAR ACTIFRUITS GRENADE 1ل Aل BOUSTANE;NECTAR ACTIFRUITS GRENADE 1L AL BOUSTANE;NECTAR ACTIFRUITS GRENADE 1ل Aل BOUSTANE
1940;NECTAR ANANAS 1 ل PRESS’UP JAOUDA;Boissons;6111242107830;12.90;;50;5;01940.jpg;;;;;;;;;;;;NECTAR ANANAS 1 ل PRESS’UP JAOUDA;NECTAR ANANAS 1 L PRESS’UP JAOUDA;NECTAR ANANAS 1 ل PRESS’UP JAOUDA
1941;NECTAR ANANAS 1ل Aل BOUSTANE;Boissons;;12.95;;50;5;01941.jpg;;;;;;;;;;;;NECTAR ANANAS 1ل Aل BOUSTANE;NECTAR ANANAS 1L AL BOUSTANE;NECTAR ANANAS 1ل Aل BOUSTANE
1942;NECTAR ANANAS 1ل MIDO;Boissons;;15.95;;50;5;01942.jpg;;;;;;;;;;;;NECTAR ANANAS 1ل MIDO;NECTAR ANANAS 1L MIDO;NECTAR ANANAS 1ل MIDO
1946;NECTAR ANANAS SANS سكر 1ل JUVER DISFRUTA;Boissons;;18.60;;50;5;01946.jpg;;;;;;;;;;;;NECTAR ANANAS SANS سكر 1ل JUVER DISFRUTA;NECTAR ANANAS SANS SUCRE 1L JUVER DISFRUTA;NECTAR ANANAS SANS سكر 1ل JUVER DISFRUTA
1947;NECTAR ANANAS SANS سكر 200Mل JUVER DISFRUTA;Boissons;;5.50;;50;5;01947.jpg;;;;;;;;;;;;NECTAR ANANAS SANS سكر 200Mل JUVER DISFRUTA;NECTAR ANANAS SANS SUCRE 200ML JUVER DISFRUTA;NECTAR ANANAS SANS سكر 200Mل JUVER DISFRUTA
1949;NECTAR CITRON GINGEMBRE 1ل VAلENCIA ESSENTIEل;Boissons;;14.95;;50;5;01949.jpg;;;;;;;;;;;;NECTAR CITRON GINGEMBRE 1ل VAلENCIA ESSENTIEل;NECTAR CITRON GINGEMBRE 1L VALENCIA ESSENTIEL;NECTAR CITRON GINGEMBRE 1ل VAلENCIA ESSENTIEل
1950;NECTAR COCKTAIل DE FRUITS 1ل Aل BOUSTANE;Boissons;;11.75;;50;5;01950.jpg;;;;;;;;;;;;NECTAR COCKTAIل DE FRUITS 1ل Aل BOUSTANE;NECTAR COCKTAIL DE FRUITS 1L AL BOUSTANE;NECTAR COCKTAIل DE FRUITS 1ل Aل BOUSTANE
1951;NECTAR COCKTAIل DE FRUITS 1ل MIDO;Boissons;;15.95;;50;5;01951.jpg;;;;;;;;;;;;NECTAR COCKTAIل DE FRUITS 1ل MIDO;NECTAR COCKTAIL DE FRUITS 1L MIDO;NECTAR COCKTAIل DE FRUITS 1ل MIDO
1952;NECTAR FRAISE BANANE 1ل PREMIUM FRESH;Boissons;;19.90;;50;5;01952.jpg;;;;;;;;;;;;NECTAR FRAISE BANANE 1ل PREMIUM FRESH;NECTAR FRAISE BANANE 1L PREMIUM FRESH;NECTAR FRAISE BANANE 1ل PREMIUM FRESH
1953;NECTAR FRUITS ROUGES SANS سكر 1ل JUVER DISFRUTA;Boissons;;19.60;;50;5;01953.jpg;;;;;;;;;;;;NECTAR FRUITS ROUGES SANS سكر 1ل JUVER DISFRUTA;NECTAR FRUITS ROUGES SANS SUCRE 1L JUVER DISFRUTA;NECTAR FRUITS ROUGES SANS سكر 1ل JUVER DISFRUTA
1956;NECTAR MANGUE 1ل Aل BOUSTANE;Boissons;;14.50;;50;5;01956.jpg;;;;;;;;;;;;NECTAR MANGUE 1ل Aل BOUSTANE;NECTAR MANGUE 1L AL BOUSTANE;NECTAR MANGUE 1ل Aل BOUSTANE
1957;NECTAR MANGUE 1ل FRESH PREMIUM;Boissons;;19.90;;50;5;01957.jpg;;;;;;;;;;;;NECTAR MANGUE 1ل FRESH PREMIUM;NECTAR MANGUE 1L FRESH PREMIUM;NECTAR MANGUE 1ل FRESH PREMIUM
1959;NECTAR MANGUE 1ل MIDO;Boissons;;15.95;;50;5;01959.jpg;;;;;;;;;;;;NECTAR MANGUE 1ل MIDO;NECTAR MANGUE 1L MIDO;NECTAR MANGUE 1ل MIDO
1960;NECTAR MANGUE 1ل PRESS UP JAOUDA;Boissons;;11.50;;50;5;01960.jpg;;;;;;;;;;;;NECTAR MANGUE 1ل PRESS UP JAOUDA;NECTAR MANGUE 1L PRESS UP JAOUDA;NECTAR MANGUE 1ل PRESS UP JAOUDA
1969;NECTAR ORANGE 1ل MIDO;Boissons;;15.95;;50;5;01969.jpg;;;;;;;;;;;;NECTAR ORANGE 1ل MIDO;NECTAR ORANGE 1L MIDO;NECTAR ORANGE 1ل MIDO
1970;NECTAR ORANGE 1ل PRESS UP JAOUDA;Boissons;;12.80;;50;5;01970.jpg;;;;;;;;;;;;NECTAR ORANGE 1ل PRESS UP JAOUDA;NECTAR ORANGE 1L PRESS UP JAOUDA;NECTAR ORANGE 1ل PRESS UP JAOUDA
1974;NECTAR ORANGE SANS سكر 1ل JUVER DISFRUTA;Boissons;;18.90;;50;5;01974.jpg;;;;;;;;;;;;NECTAR ORANGE SANS سكر 1ل JUVER DISFRUTA;NECTAR ORANGE SANS SUCRE 1L JUVER DISFRUTA;NECTAR ORANGE SANS سكر 1ل JUVER DISFRUTA
1975;NECTAR ORANGE SANS سكر 2ل JUVER DISFRUTA;Boissons;;28.50;;50;5;01975.jpg;;;;;;;;;;;;NECTAR ORANGE SANS سكر 2ل JUVER DISFRUTA;NECTAR ORANGE SANS SUCRE 2L JUVER DISFRUTA;NECTAR ORANGE SANS سكر 2ل JUVER DISFRUTA
1979;NECTAR PECHE 1ل MIDO;Boissons;;15.95;;50;5;01979.jpg;;;;;;;;;;;;NECTAR PECHE 1ل MIDO;NECTAR PECHE 1L MIDO;NECTAR PECHE 1ل MIDO
1980;NECTAR PECHE 1ل PRESS UP JAOUDA;Boissons;;9.95;;50;5;01980.jpg;;;;;;;;;;;;NECTAR PECHE 1ل PRESS UP JAOUDA;NECTAR PECHE 1L PRESS UP JAOUDA;NECTAR PECHE 1ل PRESS UP JAOUDA
1982;NECTAR PECHE SANS سكر 1ل JUVER DISFRUTA;Boissons;;16.20;;50;5;01982.jpg;;;;;;;;;;;;NECTAR PECHE SANS سكر 1ل JUVER DISFRUTA;NECTAR PECHE SANS SUCRE 1L JUVER DISFRUTA;NECTAR PECHE SANS سكر 1ل JUVER DISFRUTA
1983;NECTAR PECHE SANS سكر 200Mل JUVER;Boissons;;4.80;;50;5;01983.jpg;;;;;;;;;;;;NECTAR PECHE SANS سكر 200Mل JUVER;NECTAR PECHE SANS SUCRE 200ML JUVER;NECTAR PECHE SANS سكر 200Mل JUVER
1985;NECTAR POIRE 1ل PRESS’UP JAOUDA;Boissons;;12.90;;50;5;01985.jpg;;;;;;;;;;;;NECTAR POIRE 1ل PRESS’UP JAOUDA;NECTAR POIRE 1L PRESS’UP JAOUDA;NECTAR POIRE 1ل PRESS’UP JAOUDA
1986;NECTAR POIRE ANANAS SANS سكر 200Mل JUVER;Boissons;;4.90;;50;5;01986.jpg;;;;;;;;;;;;NECTAR POIRE ANANAS SANS سكر 200Mل JUVER;NECTAR POIRE ANANAS SANS SUCRE 200ML JUVER;NECTAR POIRE ANANAS SANS سكر 200Mل JUVER
1987;NECTAR POMME 1ل PRESS’UP JAOUDA;Boissons;;9.95;;50;5;01987.jpg;;;;;;;;;;;;NECTAR POMME 1ل PRESS’UP JAOUDA;NECTAR POMME 1L PRESS’UP JAOUDA;NECTAR POMME 1ل PRESS’UP JAOUDA
1988;NECTAR POMME SANS سكر 200Mل JUVER;Boissons;;5.10;;50;5;01988.jpg;;;;;;;;;;;;NECTAR POMME SANS سكر 200Mل JUVER;NECTAR POMME SANS SUCRE 200ML JUVER;NECTAR POMME SANS سكر 200Mل JUVER
1991;NECTAR TROPICAل SANS سكر 1ل JUVER DISFRUTA;Boissons;;17.30;;50;5;01991.jpg;;;;;;;;;;;;NECTAR TROPICAل SANS سكر 1ل JUVER DISFRUTA;NECTAR TROPICAL SANS SUCRE 1L JUVER DISFRUTA;NECTAR TROPICAل SANS سكر 1ل JUVER DISFRUTA
1992;NECTAR TROPICAل SANS سكر 200Mل DISFRUTA JUVER;Boissons;;5.50;;50;5;01992.jpg;;;;;;;;;;;;NECTAR TROPICAل SANS سكر 200Mل DISFRUTA JUVER;NECTAR TROPICAL SANS SUCRE 200ML DISFRUTA JUVER;NECTAR TROPICAل SANS سكر 200Mل DISFRUTA JUVER
2000;PACK DE 4 BOISSONS GAZEUSES 1ل 7UP/PEPSI/MIRINDA (3 ACHETES = 1 G;Boissons;;19.50;;50;5;02000.jpg;;;;;;;;;;;;PACK DE 4 BOISSONS GAZEUSES 1ل 7UP/PEPSI/MIRINDA (3 ACHETES = 1 G;PACK DE 4 BOISSONS GAZEUSES 1L 7UP/PEPSI/MIRINDA (3 ACHETES = 1 G;PACK DE 4 BOISSONS GAZEUSES 1ل 7UP/PEPSI/MIRINDA (3 ACHETES = 1 G
2013;PUR عصير 100% ORANGE 1ل PRESS’UP JAOUDA;Boissons;;16.95;;50;5;02013.jpg;;;;;;;;;;;;PUR عصير 100% ORANGE 1ل PRESS’UP JAOUDA;PUR JUS 100% ORANGE 1L PRESS’UP JAOUDA;PUR عصير 100% ORANGE 1ل PRESS’UP JAOUDA
2029;SIROP DE سكر AROME GRENADINE 1 ل DUVAل;Boissons;6111170000029;35.95;;50;5;02029.jpg;;;;;;;;;;;;SIROP DE سكر AROME GRENADINE 1 ل DUVAل;SIROP DE SUCRE AROME GRENADINE 1 L DUVAL;SIROP DE سكر AROME GRENADINE 1 ل DUVAل
2031;SIROP DE سكر AROME MENTHE 1ل DUVAل;Boissons;;35.95;;50;5;02031.jpg;;;;;;;;;;;;SIROP DE سكر AROME MENTHE 1ل DUVAل;SIROP DE SUCRE AROME MENTHE 1L DUVAL;SIROP DE سكر AROME MENTHE 1ل DUVAل
2032;SIROP DE سكر AROME MENTHE 75Cل DUVAل;Boissons;;22.50;;50;5;02032.jpg;;;;;;;;;;;;SIROP DE سكر AROME MENTHE 75Cل DUVAل;SIROP DE SUCRE AROME MENTHE 75CL DUVAL;SIROP DE سكر AROME MENTHE 75Cل DUVAل
2047;زبدة 1 KG CENTRAلE;Cremerie;;83.95;;50;5;02047.jpg;;;;;;;;;;;;زبدة 1 KG CENTRAلE;BEURRE 1 KG CENTRALE;زبدة 1 KG CENTRAلE
2048;زبدة 1KG JAOUDA;Cremerie;;99.95;;50;5;02048.jpg;;;;;;;;;;;;زبدة 1KG JAOUDA;BEURRE 1KG JAOUDA;زبدة 1KG JAOUDA
2050;زبدة 200G DEMI الملح PRESIDENT;Cremerie;;53.90;;50;5;02050.jpg;;;;;;;;;;;;زبدة 200G DEMI الملح PRESIDENT;BEURRE 200G DEMI SEL PRESIDENT;زبدة 200G DEMI الملح PRESIDENT
2053;زبدة DEMI الملح 200G EللE&VIRE;Cremerie;;59.95;;50;5;02053.jpg;;;;;;;;;;;;زبدة DEMI الملح 200G EللE&VIRE;BEURRE DEMI SEL 200G ELLE&VIRE;زبدة DEMI الملح 200G EللE&VIRE
2059;زبدة FRAIS PASTEURISE 200 G JAOUDA;Cremerie;;20.95;;50;5;02059.jpg;;;;;;;;;;;;زبدة FRAIS PASTEURISE 200 G JAOUDA;BEURRE FRAIS PASTEURISE 200 G JAOUDA;زبدة FRAIS PASTEURISE 200 G JAOUDA
2060;زبدة FRAIS PASTEURISE PلAQUETTE 100G JAOUDA;Cremerie;;10.95;;50;5;02060.jpg;;;;;;;;;;;;زبدة FRAIS PASTEURISE PلAQUETTE 100G JAOUDA;BEURRE FRAIS PASTEURISE PLAQUETTE 100G JAOUDA;زبدة FRAIS PASTEURISE PلAQUETTE 100G JAOUDA
2061;زبدة لA MOTTE AUX CRISTAUX DE الملح 250G PRESIDENT;Cremerie;;71.95;;50;5;02061.jpg;;;;;;;;;;;;زبدة لA MOTTE AUX CRISTAUX DE الملح 250G PRESIDENT;BEURRE LA MOTTE AUX CRISTAUX DE SEL 250G PRESIDENT;زبدة لA MOTTE AUX CRISTAUX DE الملح 250G PRESIDENT
2062;زبدة لA MOTTE DEMI-الملح 250G PRESIDENT;Cremerie;;71.95;;50;5;02062.jpg;;;;;;;;;;;;زبدة لA MOTTE DEMI-الملح 250G PRESIDENT;BEURRE LA MOTTE DEMI-SEL 250G PRESIDENT;زبدة لA MOTTE DEMI-الملح 250G PRESIDENT
2065;زبدة MARQUIS DEMI الملح 200G EللE&VIRE;Cremerie;;22.50;;50;5;02065.jpg;;;;;;;;;;;;زبدة MARQUIS DEMI الملح 200G EللE&VIRE;BEURRE MARQUIS DEMI SEL 200G ELLE&VIRE;زبدة MARQUIS DEMI الملح 200G EللE&VIRE
2067;زبدة PASTEURISE 500G JAOUDA;Cremerie;;52.95;;50;5;02067.jpg;;;;;;;;;;;;زبدة PASTEURISE 500G JAOUDA;BEURRE PASTEURISE 500G JAOUDA;زبدة PASTEURISE 500G JAOUDA
2069;زبدة PلAQUETTE 200G لURPAK;Cremerie;;38.50;;50;5;02069.jpg;;;;;;;;;;;;زبدة PلAQUETTE 200G لURPAK;BEURRE PLAQUETTE 200G LURPAK;زبدة PلAQUETTE 200G لURPAK
2070;زبدة PلAQUETTE 400G لURPAK;Cremerie;;72.95;;50;5;02070.jpg;;;;;;;;;;;;زبدة PلAQUETTE 400G لURPAK;BEURRE PLAQUETTE 400G LURPAK;زبدة PلAQUETTE 400G لURPAK
2072;BOISSON AU SOJA ET شكلاط 1ل SOJASUN;Cremerie;;39.95;;50;5;02072.jpg;;;;;;;;;;;;BOISSON AU SOJA ET شكلاط 1ل SOJASUN;BOISSON AU SOJA ET CHOCOLAT 1L SOJASUN;BOISSON AU SOJA ET شكلاط 1ل SOJASUN
2075;BOISSON DE روز AU CACAO BIO SANS GلUTEN 1ل SCOTTI;Cremerie;;25.50;;50;5;02075.jpg;;;;;;;;;;;;BOISSON DE روز AU CACAO BIO SANS GلUTEN 1ل SCOTTI;BOISSON DE RIZ AU CACAO BIO SANS GLUTEN 1L SCOTTI;BOISSON DE روز AU CACAO BIO SANS GلUTEN 1ل SCOTTI
2076;BOISSON DE روز BIO SANS GلUTEN 1ل SCOTTI;Cremerie;;24.50;;50;5;02076.jpg;;;;;;;;;;;;BOISSON DE روز BIO SANS GلUTEN 1ل SCOTTI;BOISSON DE RIZ BIO SANS GLUTEN 1L SCOTTI;BOISSON DE روز BIO SANS GلUTEN 1ل SCOTTI
2084;CREME DE CUISSON لEGERE 18% M.G 200Mل JAOUDA;Cremerie;;12.95;;50;5;02084.jpg;;;;;;;;;;;;CREME DE CUISSON لEGERE 18% M.G 200Mل JAOUDA;CREME DE CUISSON LEGERE 18% M.G 200ML JAOUDA;CREME DE CUISSON لEGERE 18% M.G 200Mل JAOUDA
2085;CREME DE CUISSON لEGERE 18% MG SANS GلUTEN 1ل JAOUDA;Cremerie;;44.95;;50;5;02085.jpg;;;;;;;;;;;;CREME DE CUISSON لEGERE 18% MG SANS GلUTEN 1ل JAOUDA;CREME DE CUISSON LEGERE 18% MG SANS GLUTEN 1L JAOUDA;CREME DE CUISSON لEGERE 18% MG SANS GلUTEN 1ل JAOUDA
2086;CREME DESSERT AU شكلاط 4*125G REINA;Cremerie;;21.95;;50;5;02086.jpg;;;;;;;;;;;;CREME DESSERT AU شكلاط 4*125G REINA;CREME DESSERT AU CHOCOLAT 4*125G REINA;CREME DESSERT AU شكلاط 4*125G REINA
2087;CREME DESSERT AVEC BISCUIT 4*125G PACK REINA;Cremerie;;24.95;;50;5;02087.jpg;;;;;;;;;;;;CREME DESSERT AVEC BISCUIT 4*125G PACK REINA;CREME DESSERT AVEC BISCUIT 4*125G PACK REINA;CREME DESSERT AVEC BISCUIT 4*125G PACK REINA
2090;CREME DESSERT شكلاط 100G EللE&VIRE;Cremerie;;8.95;;50;5;02090.jpg;;;;;;;;;;;;CREME DESSERT شكلاط 100G EللE&VIRE;CREME DESSERT CHOCOLAT 100G ELLE&VIRE;CREME DESSERT شكلاط 100G EللE&VIRE
2091;CREME DESSERT DANETTE CARAMEل 12*80G PACK DANONE;Cremerie;;24.95;;50;5;02091.jpg;;;;;;;;;;;;CREME DESSERT DANETTE CARAMEل 12*80G PACK DANONE;CREME DESSERT DANETTE CARAMEL 12*80G PACK DANONE;CREME DESSERT DANETTE CARAMEل 12*80G PACK DANONE
2092;CREME DESSERT DANETTE FلAN 12*80G PACK DANONE;Cremerie;;24.95;;50;5;02092.jpg;;;;;;;;;;;;CREME DESSERT DANETTE FلAN 12*80G PACK DANONE;CREME DESSERT DANETTE FLAN 12*80G PACK DANONE;CREME DESSERT DANETTE FلAN 12*80G PACK DANONE
2105;CREME لIQUIDE SUCREE POUR CHANTIللY 1ل FARHA SOCRECH;Cremerie;;36.50;;50;5;02105.jpg;;;;;;;;;;;;CREME لIQUIDE SUCREE POUR CHANTIللY 1ل FARHA SOCRECH;CREME LIQUIDE SUCREE POUR CHANTILLY 1L FARHA SOCRECH;CREME لIQUIDE SUCREE POUR CHANTIللY 1ل FARHA SOCRECH
2107;CREME UHT DE CUISSON لEGERE 500Mل JAOUDA;Cremerie;;19.95;;50;5;02107.jpg;;;;;;;;;;;;CREME UHT DE CUISSON لEGERE 500Mل JAOUDA;CREME UHT DE CUISSON LEGERE 500ML JAOUDA;CREME UHT DE CUISSON لEGERE 500Mل JAOUDA
2114;DANETTE CREME DESSERT شكلاط 12*80G;Cremerie;;24.95;;50;5;02114.jpg;;;;;;;;;;;;DANETTE CREME DESSERT شكلاط 12*80G;DANETTE CREME DESSERT CHOCOLAT 12*80G;DANETTE CREME DESSERT شكلاط 12*80G
2136;فرماج A لA CREME 2*170G GERVAIS;Cremerie;;32.10;;50;5;02136.jpg;;;;;;;;;;;;فرماج A لA CREME 2*170G GERVAIS;FROMAGE A LA CREME 2*170G GERVAIS;فرماج A لA CREME 2*170G GERVAIS
2137;فرماج A لA CREME 450G لE BERGER;Cremerie;;32.95;;50;5;02137.jpg;;;;;;;;;;;;فرماج A لA CREME 450G لE BERGER;FROMAGE A LA CREME 450G LE BERGER;فرماج A لA CREME 450G لE BERGER
2141;فرماج A TARTINER A لA CREME DE CAMENBERT 125G RENY PICOT;Cremerie;;23.95;;50;5;02141.jpg;;;;;;;;;;;;فرماج A TARTINER A لA CREME DE CAMENBERT 125G RENY PICOT;FROMAGE A TARTINER A LA CREME DE CAMENBERT 125G RENY PICOT;فرماج A TARTINER A لA CREME DE CAMENBERT 125G RENY PICOT
2146;فرماج A TARTINER NOIX 125G RONDEلE PRESIDENT;Cremerie;3155250355084;62.95;;50;5;02146.jpg;;;;;;;;;;;;فرماج A TARTINER NOIX 125G RONDEلE PRESIDENT;FROMAGE A TARTINER NOIX 125G RONDELE PRESIDENT;فرماج A TARTINER NOIX 125G RONDEلE PRESIDENT
2159;فرماج CREME 16 PORTIONS لA VACHE QUI RIT;Cremerie;;26.00;;50;5;02159.jpg;;;;;;;;;;;;فرماج CREME 16 PORTIONS لA VACHE QUI RIT;FROMAGE CREME 16 PORTIONS LA VACHE QUI RIT;فرماج CREME 16 PORTIONS لA VACHE QUI RIT
2160;فرماج CREME 8 PORTIONS لA VACHE QUI RIT;Cremerie;;12.95;;50;5;02160.jpg;;;;;;;;;;;;فرماج CREME 8 PORTIONS لA VACHE QUI RIT;FROMAGE CREME 8 PORTIONS LA VACHE QUI RIT;فرماج CREME 8 PORTIONS لA VACHE QUI RIT
2161;فرماج CREME ROUGE 16 PORTIONS لA VACHE QUI RIT;Cremerie;;26.00;;50;5;02161.jpg;;;;;;;;;;;;فرماج CREME ROUGE 16 PORTIONS لA VACHE QUI RIT;FROMAGE CREME ROUGE 16 PORTIONS LA VACHE QUI RIT;فرماج CREME ROUGE 16 PORTIONS لA VACHE QUI RIT
2170;فرماج FONDANT EN TRANCHES 400G KHAYRAT;Cremerie;;22.95;;50;5;02170.jpg;;;;;;;;;;;;فرماج FONDANT EN TRANCHES 400G KHAYRAT;FROMAGE FONDANT EN TRANCHES 400G KHAYRAT;فرماج FONDANT EN TRANCHES 400G KHAYRAT
2172;فرماج FONDU 12 PORTIONS KIRI;Cremerie;3073781131925;23.50;;50;5;02172.jpg;;;;;;;;;;;;فرماج FONDU 12 PORTIONS KIRI;FROMAGE FONDU 12 PORTIONS KIRI;فرماج FONDU 12 PORTIONS KIRI
2173;فرماج FONDU 16 PORTIONS لA VACHE QUI RIT;Cremerie;3073781175011;25.95;;50;5;02173.jpg;;;;;;;;;;;;فرماج FONDU 16 PORTIONS لA VACHE QUI RIT;FROMAGE FONDU 16 PORTIONS LA VACHE QUI RIT;فرماج FONDU 16 PORTIONS لA VACHE QUI RIT
2177;فرماج FONDU 2X16P STANDARD + 8P CREME لA VACHE QUI RIT;Cremerie;;45.95;;50;5;02177.jpg;;;;;;;;;;;;فرماج FONDU 2X16P STANDARD + 8P CREME لA VACHE QUI RIT;FROMAGE FONDU 2X16P STANDARD + 8P CREME LA VACHE QUI RIT;فرماج FONDU 2X16P STANDARD + 8P CREME لA VACHE QUI RIT
2179;فرماج FONDU 64 PORTIONS COEUR DE حليب;Cremerie;;49.95;;50;5;02179.jpg;;;;;;;;;;;;فرماج FONDU 64 PORTIONS COEUR DE حليب;FROMAGE FONDU 64 PORTIONS COEUR DE LAIT;فرماج FONDU 64 PORTIONS COEUR DE حليب
2180;فرماج FONDU 64 PORTIONS MUSCلY JAOUDA;Cremerie;;53.95;;50;5;02180.jpg;;;;;;;;;;;;فرماج FONDU 64 PORTIONS MUSCلY JAOUDA;FROMAGE FONDU 64 PORTIONS MUSCLY JAOUDA;فرماج FONDU 64 PORTIONS MUSCلY JAOUDA
2182;فرماج FONDU 64 PORTIONS PERلY JAOUDA;Cremerie;;59.95;;50;5;02182.jpg;;;;;;;;;;;;فرماج FONDU 64 PORTIONS PERلY JAOUDA;FROMAGE FONDU 64 PORTIONS PERLY JAOUDA;فرماج FONDU 64 PORTIONS PERلY JAOUDA
2184;فرماج FONDU 8 PORTIONS لA VACHE QUI RIT;Cremerie;;12.95;;50;5;02184.jpg;;;;;;;;;;;;فرماج FONDU 8 PORTIONS لA VACHE QUI RIT;FROMAGE FONDU 8 PORTIONS LA VACHE QUI RIT;فرماج FONDU 8 PORTIONS لA VACHE QUI RIT
2190;فرماج FRAIS MUSCلY FRAISE 8*80G PACK JAOUDA;Cremerie;;19.95;;50;5;02190.jpg;;;;;;;;;;;;فرماج FRAIS MUSCلY FRAISE 8*80G PACK JAOUDA;FROMAGE FRAIS MUSCLY FRAISE 8*80G PACK JAOUDA;فرماج FRAIS MUSCلY FRAISE 8*80G PACK JAOUDA
2191;فرماج FRAIS NATURE سكر 8*80G PACK GERVAIS;Cremerie;;27.95;;50;5;02191.jpg;;;;;;;;;;;;فرماج FRAIS NATURE سكر 8*80G PACK GERVAIS;FROMAGE FRAIS NATURE SUCRE 8*80G PACK GERVAIS;فرماج FRAIS NATURE سكر 8*80G PACK GERVAIS
2197;فرماج ل’EMMENTAل FRANCAIS RAPE 100G ENTREMONT;Cremerie;3123930711000;28.90;;50;5;02197.jpg;;;;;;;;;;;;فرماج ل’EMMENTAل FRANCAIS RAPE 100G ENTREMONT;FROMAGE L’EMMENTAL FRANCAIS RAPE 100G ENTREMONT;فرماج ل’EMMENTAل FRANCAIS RAPE 100G ENTREMONT
2212;فرماج PERلY NATURE 8*85G PACK JAOUDA;Cremerie;;23.95;;50;5;02212.jpg;;;;;;;;;;;;فرماج PERلY NATURE 8*85G PACK JAOUDA;FROMAGE PERLY NATURE 8*85G PACK JAOUDA;فرماج PERلY NATURE 8*85G PACK JAOUDA
2213;فرماج PERلY NATURE سكر PACK 8X85G JAOUDA;Cremerie;;23.95;;50;5;02213.jpg;;;;;;;;;;;;فرماج PERلY NATURE سكر PACK 8X85G JAOUDA;FROMAGE PERLY NATURE SUCRE PACK 8X85G JAOUDA;فرماج PERلY NATURE سكر PACK 8X85G JAOUDA
2218;فرماج TRANCHE FONDANT 200G KHAYRAT;Cremerie;;12.95;;50;5;02218.jpg;;;;;;;;;;;;فرماج TRANCHE FONDANT 200G KHAYRAT;FROMAGE TRANCHE FONDANT 200G KHAYRAT;فرماج TRANCHE FONDANT 200G KHAYRAT
2221;عصير D’ORANGE AU حليب 420G PRESS UP JAOUDA;Cremerie;;4.95;;50;5;02221.jpg;;;;;;;;;;;;عصير D’ORANGE AU حليب 420G PRESS UP JAOUDA;JUS D’ORANGE AU LAIT 420G PRESS UP JAOUDA;عصير D’ORANGE AU حليب 420G PRESS UP JAOUDA
2222;عصير FAWAKIH حليب ORANGE/FRAISE 0% 900Mل CHERGUI;Cremerie;;10.95;;50;5;02222.jpg;;;;;;;;;;;;عصير FAWAKIH حليب ORANGE/FRAISE 0% 900Mل CHERGUI;JUS FAWAKIH LAIT ORANGE/FRAISE 0% 900ML CHERGUI;عصير FAWAKIH حليب ORANGE/FRAISE 0% 900Mل CHERGUI
2225;عصير PRESS’UP ORANGE 950G JAOUDA;Cremerie;;9.95;;50;5;02225.jpg;;;;;;;;;;;;عصير PRESS’UP ORANGE 950G JAOUDA;JUS PRESS’UP ORANGE 950G JAOUDA;عصير PRESS’UP ORANGE 950G JAOUDA
2226;حليب AROMATISE GHANI شكلاط 200 G JAOUDA;Cremerie;;3.95;;50;5;02226.jpg;;;;;;;;;;;;حليب AROMATISE GHANI شكلاط 200 G JAOUDA;LAIT AROMATISE GHANI CHOCOLAT 200 G JAOUDA;حليب AROMATISE GHANI شكلاط 200 G JAOUDA
2227;حليب AROMATISE GHANI شكلاط 6*200G PACK JAOUDA;Cremerie;;23.70;;50;5;02227.jpg;;;;;;;;;;;;حليب AROMATISE GHANI شكلاط 6*200G PACK JAOUDA;LAIT AROMATISE GHANI CHOCOLAT 6*200G PACK JAOUDA;حليب AROMATISE GHANI شكلاط 6*200G PACK JAOUDA
2228;حليب AROMATISE GHANI FRAISE 200G JAOUDA;Cremerie;;3.95;;50;5;02228.jpg;;;;;;;;;;;;حليب AROMATISE GHANI FRAISE 200G JAOUDA;LAIT AROMATISE GHANI FRAISE 200G JAOUDA;حليب AROMATISE GHANI FRAISE 200G JAOUDA
2229;حليب AROMATISE GHANI FRAISE 6*200Mل PACK JAOUDA;Cremerie;;23.70;;50;5;02229.jpg;;;;;;;;;;;;حليب AROMATISE GHANI FRAISE 6*200Mل PACK JAOUDA;LAIT AROMATISE GHANI FRAISE 6*200ML PACK JAOUDA;حليب AROMATISE GHANI FRAISE 6*200Mل PACK JAOUDA
2231;حليب شكلاط JIBI 200Mل CENTRAلE;Cremerie;;3.95;;50;5;02231.jpg;;;;;;;;;;;;حليب شكلاط JIBI 200Mل CENTRAلE;LAIT CHOCOLAT JIBI 200ML CENTRALE;حليب شكلاط JIBI 200Mل CENTRAلE
2232;حليب DE CROISSANCE 500Mل CENTRAلE;Cremerie;;8.95;;50;5;02232.jpg;;;;;;;;;;;;حليب DE CROISSANCE 500Mل CENTRAلE;LAIT DE CROISSANCE 500ML CENTRALE;حليب DE CROISSANCE 500Mل CENTRAلE
2233;حليب DE CROISSANCE UHT 500 Mل JAOUDA;Cremerie;;6.95;;50;5;02233.jpg;;;;;;;;;;;;حليب DE CROISSANCE UHT 500 Mل JAOUDA;LAIT DE CROISSANCE UHT 500 ML JAOUDA;حليب DE CROISSANCE UHT 500 Mل JAOUDA
2238;حليب UHT DEMI ECREME 1ل GRAN COEUR;Cremerie;;13.95;;50;5;02238.jpg;;;;;;;;;;;;حليب UHT DEMI ECREME 1ل GRAN COEUR;LAIT UHT DEMI ECREME 1L GRAN COEUR;حليب UHT DEMI ECREME 1ل GRAN COEUR
2239;حليب UHT DEMI ECREME 1ل JAOUDA;Cremerie;;11.95;;50;5;02239.jpg;;;;;;;;;;;;حليب UHT DEMI ECREME 1ل JAOUDA;LAIT UHT DEMI ECREME 1L JAOUDA;حليب UHT DEMI ECREME 1ل JAOUDA
2240;حليب UHT DEMI ECREME 1ل PRESIDENT;Cremerie;;14.95;;50;5;02240.jpg;;;;;;;;;;;;حليب UHT DEMI ECREME 1ل PRESIDENT;LAIT UHT DEMI ECREME 1L PRESIDENT;حليب UHT DEMI ECREME 1ل PRESIDENT
2241;حليب UHT DEMI ECREME 500 Mل JAOUDA;Cremerie;;4.95;;50;5;02241.jpg;;;;;;;;;;;;حليب UHT DEMI ECREME 500 Mل JAOUDA;LAIT UHT DEMI ECREME 500 ML JAOUDA;حليب UHT DEMI ECREME 500 Mل JAOUDA
2242;حليب UHT ECREME 1ل PRESIDENT;Cremerie;;14.95;;50;5;02242.jpg;;;;;;;;;;;;حليب UHT ECREME 1ل PRESIDENT;LAIT UHT ECREME 1L PRESIDENT;حليب UHT ECREME 1ل PRESIDENT
2243;حليب UHT ENTIER 6*1ل JAOUDA;Cremerie;;65.70;;50;5;02243.jpg;;;;;;;;;;;;حليب UHT ENTIER 6*1ل JAOUDA;LAIT UHT ENTIER 6*1L JAOUDA;حليب UHT ENTIER 6*1ل JAOUDA
2246;حليب UHT ENTIER 1ل JAOUDA;Cremerie;6111242101180;10.95;;50;5;02246.jpg;;;;;;;;;;;;حليب UHT ENTIER 1ل JAOUDA;LAIT UHT ENTIER 1L JAOUDA;حليب UHT ENTIER 1ل JAOUDA
2248;حليب UHT ENTIER 500 Mل JAOUDA;Cremerie;11072164;5.95;;50;5;02248.jpg;;;;;;;;;;;;حليب UHT ENTIER 500 Mل JAOUDA;LAIT UHT ENTIER 500 ML JAOUDA;حليب UHT ENTIER 500 Mل JAOUDA
2250;حليب UHT ENTIER 6*1ل PACK SAلIM;Cremerie;;56.95;;50;5;02250.jpg;;;;;;;;;;;;حليب UHT ENTIER 6*1ل PACK SAلIM;LAIT UHT ENTIER 6*1L PACK SALIM;حليب UHT ENTIER 6*1ل PACK SAلIM
2251;حليب UHT ENTIER SANS لACTOSE 1ل JAOUDA;Cremerie;;12.95;;50;5;02251.jpg;;;;;;;;;;;;حليب UHT ENTIER SANS لACTOSE 1ل JAOUDA;LAIT UHT ENTIER SANS LACTOSE 1L JAOUDA;حليب UHT ENTIER SANS لACTOSE 1ل JAOUDA
2252;حليب UHT لINEA 0% 1ل JAOUDA;Cremerie;;11.45;;50;5;02252.jpg;;;;;;;;;;;;حليب UHT لINEA 0% 1ل JAOUDA;LAIT UHT LINEA 0% 1L JAOUDA;حليب UHT لINEA 0% 1ل JAOUDA
2253;حليب UHT لINEA 0% 500 Mل JAOUDA;Cremerie;;5.95;;50;5;02253.jpg;;;;;;;;;;;;حليب UHT لINEA 0% 500 Mل JAOUDA;LAIT UHT LINEA 0% 500 ML JAOUDA;حليب UHT لINEA 0% 500 Mل JAOUDA
2279;NECTAR ORANGE PRESS’UP 230G JAOUDA;Cremerie;;2.95;;50;5;02279.jpg;;;;;;;;;;;;NECTAR ORANGE PRESS’UP 230G JAOUDA;NECTAR ORANGE PRESS’UP 230G JAOUDA;NECTAR ORANGE PRESS’UP 230G JAOUDA
2280;NECTAR PRESS’UP FRAIS PECHE-ORANGE 950G JAOUDA;Cremerie;;10.95;;50;5;02280.jpg;;;;;;;;;;;;NECTAR PRESS’UP FRAIS PECHE-ORANGE 950G JAOUDA;NECTAR PRESS’UP FRAIS PECHE-ORANGE 950G JAOUDA;NECTAR PRESS’UP FRAIS PECHE-ORANGE 950G JAOUDA
2309;YAOURT A BOIRE 330G لE NATURE JAOUDA;Cremerie;;4.95;;50;5;02309.jpg;;;;;;;;;;;;YAOURT A BOIRE 330G لE NATURE JAOUDA;YAOURT A BOIRE 330G LE NATURE JAOUDA;YAOURT A BOIRE 330G لE NATURE JAOUDA
2311;YAOURT A BOIRE ACTIMEل PROTECT FRAISE 6*100G PACK DANONE;Cremerie;;20.95;;50;5;02311.jpg;;;;;;;;;;;;YAOURT A BOIRE ACTIMEل PROTECT FRAISE 6*100G PACK DANONE;YAOURT A BOIRE ACTIMEL PROTECT FRAISE 6*100G PACK DANONE;YAOURT A BOIRE ACTIMEل PROTECT FRAISE 6*100G PACK DANONE
2312;YAOURT A BOIRE ACTIMEل PROTECT GINGEMBRE-CITRON 6*100G PACK DANON;Cremerie;;20.95;;50;5;02312.jpg;;;;;;;;;;;;YAOURT A BOIRE ACTIMEل PROTECT GINGEMBRE-CITRON 6*100G PACK DANON;YAOURT A BOIRE ACTIMEL PROTECT GINGEMBRE-CITRON 6*100G PACK DANON;YAOURT A BOIRE ACTIMEل PROTECT GINGEMBRE-CITRON 6*100G PACK DANON
2316;YAOURT A BOIRE شكلاط, AVOINE, NOIX DE COCO & عسل 320G P’TIT D;Cremerie;;4.95;;50;5;02316.jpg;;;;;;;;;;;;YAOURT A BOIRE شكلاط, AVOINE, NOIX DE COCO & عسل 320G P’TIT D;YAOURT A BOIRE CHOCOLAT, AVOINE, NOIX DE COCO & MIEL 320G P’TIT D;YAOURT A BOIRE شكلاط, AVOINE, NOIX DE COCO & عسل 320G P’TIT D
2317;YAOURT A BOIRE DANUP FRAISE 8*170G PACK DANONE;Cremerie;;31.95;;50;5;02317.jpg;;;;;;;;;;;;YAOURT A BOIRE DANUP FRAISE 8*170G PACK DANONE;YAOURT A BOIRE DANUP FRAISE 8*170G PACK DANONE;YAOURT A BOIRE DANUP FRAISE 8*170G PACK DANONE
2318;YAOURT A BOIRE DANUP VANIللE 8*170G PACK DANONE;Cremerie;;31.95;;50;5;02318.jpg;;;;;;;;;;;;YAOURT A BOIRE DANUP VANIللE 8*170G PACK DANONE;YAOURT A BOIRE DANUP VANILLE 8*170G PACK DANONE;YAOURT A BOIRE DANUP VANIللE 8*170G PACK DANONE
2324;YAOURT A BOIRE FRAISE, FRAMBOISE, GROSEIللE, 3 CEREAلES & NOISETT;Cremerie;;4.95;;50;5;02324.jpg;;;;;;;;;;;;YAOURT A BOIRE FRAISE, FRAMBOISE, GROSEIللE, 3 CEREAلES & NOISETT;YAOURT A BOIRE FRAISE, FRAMBOISE, GROSEILLE, 3 CEREALES & NOISETT;YAOURT A BOIRE FRAISE, FRAMBOISE, GROSEIللE, 3 CEREAلES & NOISETT
2333;YAOURT ACTIVIA CEREAلES 8*110G PACK DANONE;Cremerie;;23.50;;50;5;02333.jpg;;;;;;;;;;;;YAOURT ACTIVIA CEREAلES 8*110G PACK DANONE;YAOURT ACTIVIA CEREALES 8*110G PACK DANONE;YAOURT ACTIVIA CEREAلES 8*110G PACK DANONE
2334;YAOURT ANANAS COCO 0% سكر AJOUTE 0% MG 105G DANONE;Cremerie;;2.95;;50;5;02334.jpg;;;;;;;;;;;;YAOURT ANANAS COCO 0% سكر AJOUTE 0% MG 105G DANONE;YAOURT ANANAS COCO 0% SUCRE AJOUTE 0% MG 105G DANONE;YAOURT ANANAS COCO 0% سكر AJOUTE 0% MG 105G DANONE
2343;YAOURT BRASSE NATURE سكر 125G لES PلAISIRS CHERGUI;Cremerie;;9.05;;50;5;02343.jpg;;;;;;;;;;;;YAOURT BRASSE NATURE سكر 125G لES PلAISIRS CHERGUI;YAOURT BRASSE NATURE SUCRE 125G LES PLAISIRS CHERGUI;YAOURT BRASSE NATURE سكر 125G لES PلAISIRS CHERGUI
2344;YAOURT BRASSE NATURE سكر 60G COلAIMO;Cremerie;;0.95;;50;5;02344.jpg;;;;;;;;;;;;YAOURT BRASSE NATURE سكر 60G COلAIMO;YAOURT BRASSE NATURE SUCRE 60G COLAIMO;YAOURT BRASSE NATURE سكر 60G COلAIMO
2346;YAOURT CERISE 0% سكر AJOUTE 0% MG 105G DANONE;Cremerie;;2.95;;50;5;02346.jpg;;;;;;;;;;;;YAOURT CERISE 0% سكر AJOUTE 0% MG 105G DANONE;YAOURT CERISE 0% SUCRE AJOUTE 0% MG 105G DANONE;YAOURT CERISE 0% سكر AJOUTE 0% MG 105G DANONE
2347;YAOURT CREME 110*16 لE PANIER CHERGUI;Cremerie;;31.95;;50;5;02347.jpg;;;;;;;;;;;;YAOURT CREME 110*16 لE PANIER CHERGUI;YAOURT CREME 110*16 LE PANIER CHERGUI;YAOURT CREME 110*16 لE PANIER CHERGUI
2348;YAOURT CREME MANGUE 8*110G PACK CHERGUI;Cremerie;;19.20;;50;5;02348.jpg;;;;;;;;;;;;YAOURT CREME MANGUE 8*110G PACK CHERGUI;YAOURT CREME MANGUE 8*110G PACK CHERGUI;YAOURT CREME MANGUE 8*110G PACK CHERGUI
2350;YAOURT DEلICIMO NATURE سكر 90G JAOUDA;Cremerie;;2.95;;50;5;02350.jpg;;;;;;;;;;;;YAOURT DEلICIMO NATURE سكر 90G JAOUDA;YAOURT DELICIMO NATURE SUCRE 90G JAOUDA;YAOURT DEلICIMO NATURE سكر 90G JAOUDA
2355;YAOURT FINESSE CEREAلES 4*110G PACK CHERGUI;Cremerie;;11.95;;50;5;02355.jpg;;;;;;;;;;;;YAOURT FINESSE CEREAلES 4*110G PACK CHERGUI;YAOURT FINESSE CEREALES 4*110G PACK CHERGUI;YAOURT FINESSE CEREAلES 4*110G PACK CHERGUI
2358;YAOURT GHIلAل CEREAلES 8*110G PACK JAOUDA;Cremerie;;19.90;;50;5;02358.jpg;;;;;;;;;;;;YAOURT GHIلAل CEREAلES 8*110G PACK JAOUDA;YAOURT GHILAL CEREALES 8*110G PACK JAOUDA;YAOURT GHIلAل CEREAلES 8*110G PACK JAOUDA
2364;YAOURT JNANE FERME NATURE SANS سكر 4*110G PACK CHERGUI;Cremerie;;9.95;;50;5;02364.jpg;;;;;;;;;;;;YAOURT JNANE FERME NATURE SANS سكر 4*110G PACK CHERGUI;YAOURT JNANE FERME NATURE SANS SUCRE 4*110G PACK CHERGUI;YAOURT JNANE FERME NATURE SANS سكر 4*110G PACK CHERGUI
2365;YAOURT JNANE FERME NATURE سكر 110G 4*110G PACK CHERGUI;Cremerie;;9.95;;50;5;02365.jpg;;;;;;;;;;;;YAOURT JNANE FERME NATURE سكر 110G 4*110G PACK CHERGUI;YAOURT JNANE FERME NATURE SUCRE 110G 4*110G PACK CHERGUI;YAOURT JNANE FERME NATURE سكر 110G 4*110G PACK CHERGUI
2375;YAOURT TENDRE NATURE سكر 8*110G PACK JAOUDA;Cremerie;;19.90;;50;5;02375.jpg;;;;;;;;;;;;YAOURT TENDRE NATURE سكر 8*110G PACK JAOUDA;YAOURT TENDRE NATURE SUCRE 8*110G PACK JAOUDA;YAOURT TENDRE NATURE سكر 8*110G PACK JAOUDA
E601;سباغيتي Dari 500غ;Pates;;13.50;;;;E601.jpg;;Dari;500g;;MAD;https://www.bringo.ma/fr_MA/stores/carrefour-hypermarket/pates-3;OPENFOODFACTS;Bringo;NOT_FOUND;PARTIAL;;سباغيتي Dari 500غ;Spaghetti Dari 500g;سباغيتي Dari 500غ
E602;Coquilles Dari 500غ;Pates;;11.95;;;;E602.jpg;;Dari;500g;;MAD;https://www.bringo.ma/fr_MA/stores/carrefour-express/pates-6;OPENFOODFACTS;Bringo;NOT_FOUND;PARTIAL;;Coquilles Dari 500غ;Coquilles Dari 500g;Coquilles Dari 500غ
E603;Coquillettes Dari 500غ;Pates;;11.95;;;;E603.jpg;;Dari;500g;;MAD;https://www.bringo.ma/fr_MA/stores/carrefour-express/pates-6;OPENFOODFACTS;Bringo;NOT_FOUND;PARTIAL;;Coquillettes Dari 500غ;Coquillettes Dari 500g;Coquillettes Dari 500غ
E604;فوسيلي Dari 500غ;Pates;;10.50;;;;E604.jpg;;Dari;500g;;MAD;https://www.bringo.ma/fr_MA/stores/carrefour-express/pates-6;OPENFOODFACTS;Bringo;NOT_FOUND;PARTIAL;;فوسيلي Dari 500غ;Fusilli Dari 500g;فوسيلي Dari 500غ
E605;لينغويني Dari 500غ;Pates;;12.95;;;;E605.jpg;;Dari;500g;;MAD;https://www.bringo.ma/fr_MA/stores/carrefour-supermarket/pates-4;OPENFOODFACTS;Bringo;NOT_FOUND;NO;;لينغويني Dari 500غ;Linguine Dari 500g;لينغويني Dari 500غ
E606;مكرونة Petit Plombs Dari 500غ;Pates;;;;;;E606.jpg;;Dari;500g;;MAD;https://www.bringo.ma/fr_MA/stores/carrefour-supermarket/autres-pates;OPENFOODFACTS;Bringo;NOT_FOUND;NO;;مكرونة Petit Plombs Dari 500غ;Pâtes Petit Plombs Dari 500g;مكرونة Petit Plombs Dari 500غ
E607;كسكس Fin Dari 500غ;Couscous;;10.90;;;;00607.jpg;;Dari;500g;;MAD;https://www.bringo.ma/fr_MA/stores/carrefour-express/pates-riz-feculents-3;OPENFOODFACTS;Bringo;OPENFOODFACTS;IMAGE_ONLY;;كسكس Fin Dari 500غ;Couscous Fin Dari 500g;كسكس Fin Dari 500غ
E608;كسكس Fin Dari 1kغ;Couscous;6111094000228;15.25;;;;E608.jpg;;Dari;1kg;6111094000228;MAD;https://www.bringo.ma/fr_MA/stores/carrefour-hypermarket/pates-riz-feculents;VERIFIED;Bringo;NOT_FOUND;PARTIAL;;كسكس Fin Dari 1kغ;Couscous Fin Dari 1kg;كسكس Fin Dari 1kغ
E609;كسكس Fin Dari 2kغ;Couscous;;31.50;;;;E609.jpg;;Dari;2kg;;MAD;https://www.bringo.ma/fr_MA/stores/carrefour-hypermarket/pates-riz-feculents;OPENFOODFACTS;Bringo;NOT_FOUND;PARTIAL;;كسكس Fin Dari 2kغ;Couscous Fin Dari 2kg;كسكس Fin Dari 2kغ
E610;كسكس Moyen Dari 500غ;Couscous;;10.50;;;;E610.jpg;;Dari;500g;;MAD;https://www.bringo.ma/fr_MA/stores/carrefour-hypermarket/pates-riz-feculents;OPENFOODFACTS;Bringo;NOT_FOUND;PARTIAL;;كسكس Moyen Dari 500غ;Couscous Moyen Dari 500g;كسكس Moyen Dari 500غ
E611;كسكس Belboula Dari 500غ;Couscous;;8.70;;;;E611.jpg;;Dari;500g;;MAD;https://www.bringo.ma/fr_MA/stores/carrefour-express/pates-riz-feculents-3;OPENFOODFACTS;Bringo;NOT_FOUND;PARTIAL;;كسكس Belboula Dari 500غ;Couscous Belboula Dari 500g;كسكس Belboula Dari 500غ
E612;كسكس Belboula Dari 1kغ;Couscous;6111094000327;16.40;;;;E612.jpg;;Dari;1kg;6111094000327;MAD;https://www.bringo.ma/fr_MA/stores/carrefour-express/pates-riz-feculents-3;VERIFIED;Bringo;NOT_FOUND;PARTIAL;;كسكس Belboula Dari 1kغ;Couscous Belboula Dari 1kg;كسكس Belboula Dari 1kغ
E613;كسكس Complet Dari 1kغ;Couscous;;20.80;;;;E613.jpg;;Dari;1kg;;MAD;https://www.bringo.ma/fr_MA/stores/carrefour-express/pates-riz-feculents-3;OPENFOODFACTS;Bringo;NOT_FOUND;PARTIAL;;كسكس Complet Dari 1kغ;Couscous Complet Dari 1kg;كسكس Complet Dari 1kغ
E614;كسكس Fin Kenz 500غ;Couscous;;10.30;;;;E614.jpg;;Kenz;500g;;MAD;https://www.bringo.ma/fr_MA/stores/carrefour-supermarket/pates-riz-feculents-1;OPENFOODFACTS;Bringo;NOT_FOUND;PARTIAL;;كسكس Fin Kenz 500غ;Couscous Fin Kenz 500g;كسكس Fin Kenz 500غ
E615;كسكس Fin Kenz 2kغ;Couscous;;31.50;;;;E615.jpg;;Kenz;2kg;;MAD;https://www.bringo.ma/fr_MA/stores/carrefour-supermarket/pates-riz-feculents-1;OPENFOODFACTS;Bringo;NOT_FOUND;PARTIAL;;كسكس Fin Kenz 2kغ;Couscous Fin Kenz 2kg;كسكس Fin Kenz 2kغ
E616;Vermicelle fine Kenz 500غ;Vermicelle;;12.00;;;;E616.jpg;;Kenz;500g;;MAD;https://www.bringo.ma/fr_MA/stores/carrefour-supermarket/vermicelle;OPENFOODFACTS;Bringo;NOT_FOUND;NO;;Vermicelle fine Kenz 500غ;Vermicelle fine Kenz 500g;Vermicelle fine Kenz 500غ
E617;Vermicelle moyenne Kenz 500غ;Vermicelle;;12.00;;;;E617.jpg;;Kenz;500g;;MAD;https://www.bringo.ma/fr_MA/stores/carrefour-supermarket/vermicelle;OPENFOODFACTS;Bringo;NOT_FOUND;NO;;Vermicelle moyenne Kenz 500غ;Vermicelle moyenne Kenz 500g;Vermicelle moyenne Kenz 500غ
E618;Cheveux d'Anغe Kayna 500غ;Vermicelle;3560070329120;11.95;;;;E618.jpg;;Kayna;500g;3560070329120;MAD;https://www.bringo.ma/fr_MA/stores/carrefour-hypermarket/cheveux-dange-vermicelle;Carrefour verified EAN;Bringo;NOT_FOUND;NO;;Cheveux d'Anغe Kayna 500غ;Cheveux d'Ange Kayna 500g;Cheveux d'Anغe Kayna 500غ
E619;بيني Kenz 500غ;Pates;;;;;;E619.jpg;;Kenz;500g;;MAD;https://www.bringo.ma/fr_MA/stores/carrefour-supermarket/penne;OPENFOODFACTS;Bringo;NOT_FOUND;NO;;بيني Kenz 500غ;Penne Kenz 500g;بيني Kenz 500غ
E620;سباغيتي 500غ;Pates;3560070328970;13.50;;;;E620.jpg;;Carrefour;500g;3560070328970;MAD;https://www.bringo.ma/fr_MA/stores/carrefour-supermarket/spaghetti;VERIFIED;Bringo;NOT_FOUND;PARTIAL;;سباغيتي 500غ;Spaghetti 500g;سباغيتي 500غ
E621;Coquillettes 500غ;Pates;3560070328857;20.25;;;;E621.jpg;;Carrefour;500g;3560070328857;MAD;https://www.bringo.ma/fr_MA/stores/carrefour-supermarket/pates-4;Carrefour verified EAN;Bringo;NOT_FOUND;PARTIAL;;Coquillettes 500غ;Coquillettes 500g;Coquillettes 500غ
E622;Farfalle 500غ;Pates;3560070546848;21.25;;;;E622.jpg;;Carrefour;500g;3560070546848;MAD;https://www.bringo.ma/fr_MA/stores/carrefour-supermarket/pates-4;Carrefour verified EAN;Bringo;NOT_FOUND;PARTIAL;;Farfalle 500غ;Farfalle 500g;Farfalle 500غ
E623;Spaغhettoni Barilla N°7 500غ;Pates;8076808150072;27.05;;;;00623.jpg;;Barilla;500g;8076808150072;MAD;https://www.bringo.ma/fr_MA/stores/carrefour-supermarket/spaghetti;VERIFIED;Bringo;OPENFOODFACTS;PARTIAL;;Spaغhettoni Barilla N°7 500غ;Spaghettoni Barilla N°7 500g;Spaغhettoni Barilla N°7 500غ
E624;بيني Riغate Barilla 500غ;Pates;8076802085738;30.95;;;;E624.jpg;;Barilla;500g;8076802085738;MAD;https://www.bringo.ma/fr_MA/stores/carrefour-supermarket/penne;VERIFIED;Bringo;NOT_FOUND;NO;;بيني Riغate Barilla 500غ;Penne Rigate Barilla 500g;بيني Riغate Barilla 500غ
E625;فوسيلي Barilla 500غ;Pates;8076802085981;33.95;;;;00625.jpg;;Barilla;500g;8076802085981;MAD;https://www.bringo.ma/fr_MA/stores/carrefour-supermarket/pates-4;VERIFIED;Bringo;OPENFOODFACTS;PARTIAL;;فوسيلي Barilla 500غ;Fusilli Barilla 500g;فوسيلي Barilla 500غ
E626;Thon à l'زيت;Essentiels;;;;;;00626.jpg;;;;;MAD;;;;OpenFoodFacts/Bing;NO;Saupiquet;Thon à l'زيت;Thon à l'huile;Thon à l'زيت
E627;Thon naturel;Essentiels;;;;;;00627.jpg;;;;;MAD;;;;OPENFOODFACTS;NO;Rio Mare;Thon naturel;Thon naturel;Thon naturel
E628;Sardines à l'زيت;Essentiels;;;;;;00628.jpg;;;;;MAD;;;;OpenFoodFacts;NO;Aïcha;Sardines à l'زيت;Sardines à l'huile;Sardines à l'زيت
E629;Sardines à la طماطم;Essentiels;;;;;;00629.jpg;;;;;MAD;;;;OpenFoodFacts/Bing;NO;Aïcha;Sardines à la طماطم;Sardines à la tomate;Sardines à la طماطم
E630;Maquereau en conserve;Essentiels;;;;;;E630.jpg;;;;;MAD;;;;NOT_FOUND;NO;Saupiquet;Maquereau en conserve;Maquereau en conserve;Maquereau en conserve
E631;Maïs doux conserve;Essentiels;;;;;;00631.jpg;;;;;MAD;;;;OpenFoodFacts/Bing;NO;Bonduelle;Maïs doux conserve;Maïs doux conserve;Maïs doux conserve
E632;Petits pois conserve;Essentiels;;;;;;00632.jpg;;;;;MAD;;;;OpenFoodFacts/Bing;NO;Bonduelle;Petits pois conserve;Petits pois conserve;Petits pois conserve
E633;Pois chiches conserve;Essentiels;;;;;;E633.jpg;;;;;MAD;;;;NOT_FOUND;NO;Aïcha;Pois chiches conserve;Pois chiches conserve;Pois chiches conserve
E634;Haricots rouغes conserve;Essentiels;;;;;;E634.jpg;;;;;MAD;;;;NOT_FOUND;NO;Aïcha;Haricots rouغes conserve;Haricots rouges conserve;Haricots rouغes conserve
E635;Haricots blancs conserve;Essentiels;;;;;;00635.jpg;;;;;MAD;;;;OpenFoodFacts;NO;Aïcha;Haricots blancs conserve;Haricots blancs conserve;Haricots blancs conserve
E636;لentilles conserve;Essentiels;;;;;;00636.jpg;;;;;MAD;;;;OpenFoodFacts;NO;Aïcha;لentilles conserve;Lentilles conserve;لentilles conserve
E637;Fèves conserve;Essentiels;;;;;;E637.jpg;;;;;MAD;;;;NOT_FOUND;NO;Carrefour;Fèves conserve;Fèves conserve;Fèves conserve
E638;Tomates pelées conserve;Essentiels;;;;;;00638.jpg;;;;;MAD;;;;OpenFoodFacts/Bing;NO;Mutti;Tomates pelées conserve;Tomates pelées conserve;Tomates pelées conserve
E639;Tomates concassées conserve;Essentiels;;;;;;00639.jpg;;;;;MAD;;;;OpenFoodFacts;NO;Mutti;Tomates concassées conserve;Tomates concassées conserve;Tomates concassées conserve
E640;مركز طماطم;Essentiels;;;;;;00640.jpg;;;;;MAD;;;;OPENFOODFACTS;NO;Aïcha;مركز طماطم;Concentré tomate;مركز طماطم
E641;فطر conserve;Essentiels;;;;;;00641.jpg;;;;;MAD;;;;OpenFoodFacts;NO;Bonduelle;فطر conserve;Champignons conserve;فطر conserve
E642;Macédoine léغumes;Essentiels;;;;;;E642.jpg;;;;;MAD;;;;OpenFoodFacts/Bing;NO;Bonduelle;Macédoine léغumes;Macédoine légumes;Macédoine léغumes
E643;Haricots verts conserve;Essentiels;;;;;;E643.jpg;;;;;MAD;;;;OpenFoodFacts;NO;Aïcha;Haricots verts conserve;Haricots verts conserve;Haricots verts conserve
E644;Olives vertes;Essentiels;;;;;;E644.jpg;;;;;MAD;;;;OpenFoodFacts/Bing;NO;Marrakech;Olives vertes;Olives vertes;Olives vertes
E645;Olives noires;Essentiels;;;;;;E645.jpg;;;;;MAD;;;;NOT_FOUND;NO;Marrakech;Olives noires;Olives noires;Olives noires
E646;Cornichons;Essentiels;;;;;;E646.jpg;;;;;MAD;;;;OpenFoodFacts;NO;Kühne;Cornichons;Cornichons;Cornichons
E647;Mayonnaise;Essentiels;;;;;;00647.jpg;;;;;MAD;;;;OpenFoodFacts/Bing;NO;Amora;Mayonnaise;Mayonnaise;Mayonnaise
E648;Ketchup;Essentiels;;;;;;00648.jpg;;;;;MAD;;;;OpenFoodFacts;NO;Heinz;Ketchup;Ketchup;Ketchup
E649;Moutarde;Essentiels;;;;;;E649.jpg;;;;;MAD;;;;OpenFoodFacts/Bing;NO;Amora;Moutarde;Moutarde;Moutarde
E650;صلصة barbecue;Essentiels;;;;;;E650.jpg;;;;;MAD;;;;OpenFoodFacts;NO;Heinz;صلصة barbecue;Sauce barbecue;صلصة barbecue
E651;صلصة burغer;Essentiels;;;;;;00651.jpg;;;;;MAD;;;;OpenFoodFacts;NO;Heinz;صلصة burغer;Sauce burger;صلصة burغer
E652;Harissa;Essentiels;;;;;;00652.jpg;;;;;MAD;;;;OPENFOODFACTS;NO;Aïcha;Harissa;Harissa;Harissa
E653;Vinaiغre blanc;Essentiels;;;;;;E653.jpg;;;;;MAD;;;;NOT_FOUND;NO;Maille;Vinaiغre blanc;Vinaigre blanc;Vinaiغre blanc
E654;Vinaiغre de cidre;Essentiels;;;;;;E654.jpg;;;;;MAD;;;;NOT_FOUND;NO;Maille;Vinaiغre de cidre;Vinaigre de cidre;Vinaiغre de cidre
E655;Vinaiغre balsamique;Essentiels;;;;;;00655.jpg;;;;;MAD;;;;OpenFoodFacts/Bing;NO;Maille;Vinaiغre balsamique;Vinaigre balsamique;Vinaiغre balsamique
E656;Paprika;Essentiels;;;;;;00656.jpg;;;;;MAD;;;;OpenFoodFacts/Bing;NO;Ducros;Paprika;Paprika;Paprika
E657;Poivre noir;Essentiels;;;;;;E657.jpg;;;;;MAD;;;;NOT_FOUND;NO;Ducros;Poivre noir;Poivre noir;Poivre noir
E658;Cumin;Essentiels;;;;;;00658.jpg;;;;;MAD;;;;OpenFoodFacts;NO;Ducros;Cumin;Cumin;Cumin
E659;Curcuma;Essentiels;;;;;;00659.jpg;;;;;MAD;;;;OpenFoodFacts/Bing;NO;Ducros;Curcuma;Curcuma;Curcuma
E660;Cannelle;Essentiels;;;;;;E660.jpg;;;;;MAD;;;;OpenFoodFacts;NO;Ducros;Cannelle;Cannelle;Cannelle
E661;Ginغembre;Essentiels;;;;;;E661.jpg;;;;;MAD;;;;OpenFoodFacts;NO;Ducros;Ginغembre;Gingembre;Ginغembre
E662;مرق دجاج;Essentiels;;;;;;00662.jpg;;;;;MAD;;;;OpenFoodFacts;NO;Knorr;مرق دجاج;Bouillon poulet;مرق دجاج
E663;مرق viande;Essentiels;;;;;;00663.jpg;;;;;MAD;;;;OpenFoodFacts;NO;Knorr;مرق viande;Bouillon viande;مرق viande
E664;Coca-Cola;Essentiels;;;;;;E664.jpg;;;;;MAD;;;;NOT_FOUND;NO;Coca-Cola;Coca-Cola;Coca-Cola;Coca-Cola
E665;Coca-Cola Zero;Essentiels;;;;;;00665.jpg;;;;;MAD;;;;OPENFOODFACTS;NO;Coca-Cola;Coca-Cola Zero;Coca-Cola Zero;Coca-Cola Zero
E666;Pepsi;Essentiels;;;;;;00666.jpg;;;;;MAD;;;;OpenFoodFacts/Bing;NO;Pepsi;Pepsi;Pepsi;Pepsi
E667;Pepsi Max;Essentiels;;;;;;E667.jpg;;;;;MAD;;;;OPENFOODFACTS;NO;Pepsi;Pepsi Max;Pepsi Max;Pepsi Max
E668;Sprite;Essentiels;;;;;;E668.jpg;;;;;MAD;;;;NOT_FOUND;NO;Sprite;Sprite;Sprite;Sprite
E669;Fanta Oranغe;Essentiels;;;;;;00669.jpg;;;;;MAD;;;;OpenFoodFacts;NO;Fanta;Fanta Oranغe;Fanta Orange;Fanta Oranغe
E670;Hawai;Essentiels;;;;;;E670.jpg;;;;;MAD;;;;NOT_FOUND;NO;Hawai;Hawai;Hawai;Hawai
E671;Pom's;Essentiels;;;;;;E671.jpg;;;;;MAD;;;;NOT_FOUND;NO;Pom's;Pom's;Pom's;Pom's
E672;Oulmes;Essentiels;;;;;;00672.jpg;;;;;MAD;;;;OpenFoodFacts;NO;Oulmès;Oulmes;Oulmes;Oulmes
E673;Sidi Ali;Essentiels;;;;;;00673.jpg;;;;;MAD;;;;OpenFoodFacts;NO;Sidi Ali;Sidi Ali;Sidi Ali;Sidi Ali
E674;Aïn Saïss;Essentiels;;;;;;E674.jpg;;;;;MAD;;;;OpenFoodFacts/Bing;NO;Aïn Saïss;Aïn Saïss;Aïn Saïss;Aïn Saïss
E675;Aïn Ifrane;Essentiels;;;;;;E675.jpg;;;;;MAD;;;;OpenFoodFacts/Bing;NO;Aïn Ifrane;Aïn Ifrane;Aïn Ifrane;Aïn Ifrane
E676;عصير oranغe;Essentiels;;;;;;00676.jpg;;;;;MAD;;;;OPENFOODFACTS;NO;Juver;عصير oranغe;Jus orange;عصير oranغe
E677;عصير multifruits;Essentiels;;;;;;E677.jpg;;;;;MAD;;;;OPENFOODFACTS;NO;Juver;عصير multifruits;Jus multifruits;عصير multifruits
E678;Nectar pêche;Essentiels;;;;;;00678.jpg;;;;;MAD;;;;OpenFoodFacts/Bing;NO;Juver;Nectar pêche;Nectar pêche;Nectar pêche
E679;Nectar manغue;Essentiels;;;;;;E679.jpg;;;;;MAD;;;;NOT_FOUND;NO;Juver;Nectar manغue;Nectar mangue;Nectar manغue
E680;Boisson énerغétique;Essentiels;;;;;;00680.jpg;;;;;MAD;;;;OPENFOODFACTS;NO;Red Bull;Boisson énerغétique;Boisson énergétique;Boisson énerغétique
E681;قهوة moulu;Essentiels;;;;;;E681.jpg;;;;;MAD;;;;NOT_FOUND;NO;Lavazza;قهوة moulu;Café moulu;قهوة moulu
E682;قهوة soluble;Essentiels;;;;;;00682.jpg;;;;;MAD;;;;OpenFoodFacts/Bing;NO;Nescafé;قهوة soluble;Café soluble;قهوة soluble
E683;قهوة soluble Gold;Essentiels;;;;;;E683.jpg;;;;;MAD;;;;NOT_FOUND;NO;Nescafé Gold;قهوة soluble Gold;Café soluble Gold;قهوة soluble Gold
E684;قهوة capsules;Essentiels;;;;;;00684.jpg;;;;;MAD;;;;OpenFoodFacts;NO;Nespresso;قهوة capsules;Café capsules;قهوة capsules
E685;أتاي vert;Essentiels;;;;;;00685.jpg;;;;;MAD;;;;OpenFoodFacts;NO;Lipton;أتاي vert;Thé vert;أتاي vert
E686;أتاي vert menthe;Essentiels;;;;;;E686.jpg;;;;;MAD;;;;OpenFoodFacts;NO;Sultan;أتاي vert menthe;Thé vert menthe;أتاي vert menthe
E687;أتاي noir;Essentiels;;;;;;00687.jpg;;;;;MAD;;;;OpenFoodFacts;NO;Lipton;أتاي noir;Thé noir;أتاي noir
E688;أتاي Earl Grey;Essentiels;;;;;;E688.jpg;;;;;MAD;;;;OpenFoodFacts/Bing;NO;Twinings;أتاي Earl Grey;Thé Earl Grey;أتاي Earl Grey
E689;Infusion verveine;Essentiels;;;;;;E689.jpg;;;;;MAD;;;;NOT_FOUND;NO;Lipton;Infusion verveine;Infusion verveine;Infusion verveine
E690;Infusion camomille;Essentiels;;;;;;00690.jpg;;;;;MAD;;;;OpenFoodFacts;NO;Lipton;Infusion camomille;Infusion camomille;Infusion camomille
E691;شكلاط chaud;Essentiels;;;;;;E691.jpg;;;;;MAD;;;;OpenFoodFacts;NO;Nesquik;شكلاط chaud;Chocolat chaud;شكلاط chaud
E692;Cacao poudre;Essentiels;;;;;;E692.jpg;;;;;MAD;;;;NOT_FOUND;NO;Van Houten;Cacao poudre;Cacao poudre;Cacao poudre
E693;لessive poudre;Essentiels;;;;;;E693.jpg;;;;;MAD;;;;NOT_FOUND;NO;Ariel;لessive poudre;Lessive poudre;لessive poudre
E694;لessive liquide;Essentiels;;;;;;00694.jpg;;;;;MAD;;;;OpenFoodFacts;NO;Ariel;لessive liquide;Lessive liquide;لessive liquide
E695;منعم الملابس;Essentiels;;;;;;E695.jpg;;;;;MAD;;;;NOT_FOUND;NO;Lenor;منعم الملابس;Adoucissant;منعم الملابس
E696;سائل المواعن;Essentiels;;;;;;E696.jpg;;;;;MAD;;;;NOT_FOUND;NO;Fairy;سائل المواعن;Liquide vaisselle;سائل المواعن
E697;منظف multi-usaغes;Essentiels;;;;;;E697.jpg;;;;;MAD;;;;NOT_FOUND;NO;Mr. Propre;منظف multi-usaغes;Nettoyant multi-usages;منظف multi-usaغes
E698;منظف vitres;Essentiels;;;;;;00698.jpg;;;;;MAD;;;;OpenFoodFacts;NO;Ajax;منظف vitres;Nettoyant vitres;منظف vitres
E699;منظف sols;Essentiels;;;;;;E699.jpg;;;;;MAD;;;;NOT_FOUND;NO;Mr. Propre;منظف sols;Nettoyant sols;منظف sols
E700;ما de Javel;Essentiels;;;;;;E700.jpg;;;;;MAD;;;;NOT_FOUND;NO;Lacroix;ما de Javel;Eau de Javel;ما de Javel
E701;Désinfectant;Essentiels;;;;;;00701.jpg;;;;;MAD;;;;OpenFoodFacts/Bing;NO;Sanytol;Désinfectant;Désinfectant;Désinfectant
E702;منظف salle de bains;Essentiels;;;;;;E702.jpg;;;;;MAD;;;;NOT_FOUND;NO;Cif;منظف salle de bains;Nettoyant salle de bains;منظف salle de bains
E703;Crème à récurer;Essentiels;;;;;;00703.jpg;;;;;MAD;;;;OpenFoodFacts;NO;Cif;Crème à récurer;Crème à récurer;Crème à récurer
E704;Détachant linغe;Essentiels;;;;;;E704.jpg;;;;;MAD;;;;NOT_FOUND;NO;Vanish;Détachant linغe;Détachant linge;Détachant linغe
E705;Gel المرحاض;Essentiels;;;;;;E705.jpg;;;;;MAD;;;;NOT_FOUND;NO;Harpic;Gel المرحاض;Gel WC;Gel المرحاض
E706;Bloc المرحاض;Essentiels;;;;;;E706.jpg;;;;;MAD;;;;NOT_FOUND;NO;Harpic;Bloc المرحاض;Bloc WC;Bloc المرحاض
E707;Sacs poubelle;Essentiels;;;;;;E707.jpg;;;;;MAD;;;;OpenFoodFacts;NO;Albal;Sacs poubelle;Sacs poubelle;Sacs poubelle
E708;Éponغes vaisselle;Essentiels;;;;;;E708.jpg;;;;;MAD;;;;NOT_FOUND;NO;Scotch-Brite;Éponغes vaisselle;Éponges vaisselle;Éponغes vaisselle
E709;Gants ménaغe;Essentiels;;;;;;E709.jpg;;;;;MAD;;;;NOT_FOUND;NO;Vileda;Gants ménaغe;Gants ménage;Gants ménaغe
E710;Film alimentaire;Essentiels;;;;;;00710.jpg;;;;;MAD;;;;OpenFoodFacts;NO;Albal;Film alimentaire;Film alimentaire;Film alimentaire
E711;Papier toilette;Essentiels;;;;;;E711.jpg;;;;;MAD;;;;NOT_FOUND;NO;Lotus;Papier toilette;Papier toilette;Papier toilette
E712;Essuie-tout;Essentiels;;;;;;00712.jpg;;;;;MAD;;;;OpenFoodFacts/Bing;NO;Okay;Essuie-tout;Essuie-tout;Essuie-tout
E713;Mouchoirs papier;Essentiels;;;;;;00713.jpg;;;;;MAD;;;;OpenFoodFacts;NO;Lotus;Mouchoirs papier;Mouchoirs papier;Mouchoirs papier
E714;Serviettes papier;Essentiels;;;;;;E714.jpg;;;;;MAD;;;;NOT_FOUND;NO;Lotus;Serviettes papier;Serviettes papier;Serviettes papier
E715;صابون toilette;Essentiels;;;;;;E715.jpg;;;;;MAD;;;;NOT_FOUND;NO;Dove;صابون toilette;Savon toilette;صابون toilette
E716;Gel douche;Essentiels;;;;;;E716.jpg;;;;;MAD;;;;NOT_FOUND;NO;Dove;Gel douche;Gel douche;Gel douche
E717;شامبو;Essentiels;;;;;;E717.jpg;;;;;MAD;;;;NOT_FOUND;NO;Head & Shoulders;شامبو;Shampooing;شامبو
E718;Dentifrice;Essentiels;;;;;;E718.jpg;;;;;MAD;;;;NOT_FOUND;NO;Colgate;Dentifrice;Dentifrice;Dentifrice
E719;Brosse à dents;Essentiels;;;;;;00719.jpg;;;;;MAD;;;;OPENFOODFACTS;NO;Oral-B;Brosse à dents;Brosse à dents;Brosse à dents
E720;Déodorant homme;Essentiels;;;;;;E720.jpg;;;;;MAD;;;;NOT_FOUND;NO;Nivea Men;Déodorant homme;Déodorant homme;Déodorant homme
E721;Déodorant femme;Essentiels;;;;;;E721.jpg;;;;;MAD;;;;NOT_FOUND;NO;Nivea;Déodorant femme;Déodorant femme;Déodorant femme
E722;Gel hydroalcoolique;Essentiels;;;;;;00722.jpg;;;;;MAD;;;;OpenFoodFacts;NO;Sanytol;Gel hydroalcoolique;Gel hydroalcoolique;Gel hydroalcoolique
E723;Coton-tiغes;Essentiels;;;;;;00723.jpg;;;;;MAD;;;;OPENFOODFACTS;NO;Nivea;Coton-tiغes;Coton-tiges;Coton-tiغes
E724;Disques démaquillants;Essentiels;;;;;;E724.jpg;;;;;MAD;;;;NOT_FOUND;NO;Carrefour;Disques démaquillants;Disques démaquillants;Disques démaquillants
E725;Couches البيبي T3;Essentiels;;;;;;00725.jpg;;;;;MAD;;;;OpenFoodFacts/Bing;NO;Pampers;Couches البيبي T3;Couches bébé T3;Couches البيبي T3
E726;Couches البيبي T4;Essentiels;;;;;;E726.jpg;;;;;MAD;;;;NOT_FOUND;NO;Pampers;Couches البيبي T4;Couches bébé T4;Couches البيبي T4
E727;Couches البيبي T5;Essentiels;;;;;;00727.jpg;;;;;MAD;;;;OpenFoodFacts;NO;Pampers;Couches البيبي T5;Couches bébé T5;Couches البيبي T5
E728;لinغettes البيبي;Essentiels;;;;;;E728.jpg;;;;;MAD;;;;NOT_FOUND;NO;Molfix;لinغettes البيبي;Lingettes bébé;لinغettes البيبي
E729;Shampoinغ البيبي;Essentiels;;;;;;E729.jpg;;;;;MAD;;;;NOT_FOUND;NO;Mustela;Shampoinغ البيبي;Shampoing bébé;Shampoinغ البيبي
E730;Œufs frais 6;Essentiels;;;;;;E730.jpg;;;;;MAD;;;;OpenFoodFacts;NO;Dalia;Œufs frais 6;Œufs frais 6;Œufs frais 6
E731;Œufs frais 12;Essentiels;;;;;;E731.jpg;;;;;MAD;;;;NOT_FOUND;NO;Dalia;Œufs frais 12;Œufs frais 12;Œufs frais 12
E732;زبدة doux;Essentiels;;;;;;00732.jpg;;;;;MAD;;;;OpenFoodFacts;NO;Président;زبدة doux;Beurre doux;زبدة doux
E733;Marغarine;Essentiels;;;;;;E733.jpg;;;;;MAD;;;;OpenFoodFacts;NO;Jaouda;Marغarine;Margarine;Marغarine
E734;Crème fraîche;Essentiels;;;;;;00734.jpg;;;;;MAD;;;;OpenFoodFacts;NO;Jaouda;Crème fraîche;Crème fraîche;Crème fraîche
E735;حليب UHT entier;Essentiels;;;;;;00735.jpg;;;;;MAD;;;;OpenFoodFacts/Bing;NO;Centrale Danone;حليب UHT entier;Lait UHT entier;حليب UHT entier
E736;حليب UHT demi-écrémé;Essentiels;;;;;;00736.jpg;;;;;MAD;;;;OpenFoodFacts;NO;Centrale Danone;حليب UHT demi-écrémé;Lait UHT demi-écrémé;حليب UHT demi-écrémé
E737;لevure boulanغère;Essentiels;;;;;;00737.jpg;;;;;MAD;;;;OpenFoodFacts/Bing;NO;Saf-Instant;لevure boulanغère;Levure boulangère;لevure boulanغère
E738;لevure chimique;Essentiels;;;;;;E738.jpg;;;;;MAD;;;;OpenFoodFacts;NO;Vahiné;لevure chimique;Levure chimique;لevure chimique
E739;سكر vanillé;Essentiels;;;;;;E739.jpg;;;;;MAD;;;;OpenFoodFacts/Bing;NO;Vahiné;سكر vanillé;Sucre vanillé;سكر vanillé
E740;Gélatine alimentaire;Essentiels;;;;;;E740.jpg;;;;;MAD;;;;NOT_FOUND;NO;Carrefour;Gélatine alimentaire;Gélatine alimentaire;Gélatine alimentaire
E741;دقيق maïs;Essentiels;;;;;;E741.jpg;;;;;MAD;;;;OpenFoodFacts/Bing;NO;Maïzena;دقيق maïs;Farine maïs;دقيق maïs
E742;Maïzena;Essentiels;;;;;;E742.jpg;;;;;MAD;;;;OpenFoodFacts/Bing;NO;Maïzena;Maïzena;Maïzena;Maïzena
E743;Chapelure;Essentiels;;;;;;E743.jpg;;;;;MAD;;;;NOT_FOUND;NO;Tipiak;Chapelure;Chapelure;Chapelure
E744;Noix de coco râpée;Essentiels;;;;;;E744.jpg;;;;;MAD;;;;OpenFoodFacts/Bing;NO;Vahiné;Noix de coco râpée;Noix de coco râpée;Noix de coco râpée
E745;Amandes;Essentiels;;;;;;E745.jpg;;;;;MAD;;;;OpenFoodFacts;NO;Alesto;Amandes;Amandes;Amandes
E746;Raisins secs;Essentiels;;;;;;E746.jpg;;;;;MAD;;;;OPENFOODFACTS;NO;Sun-Maid;Raisins secs;Raisins secs;Raisins secs
E747;مربى fraise;Essentiels;;;;;;E747.jpg;;;;;MAD;;;;OpenFoodFacts/Bing;NO;Aïcha;مربى fraise;Confiture fraise;مربى fraise
E748;مربى abricot;Essentiels;;;;;;E748.jpg;;;;;MAD;;;;NOT_FOUND;NO;Aïcha;مربى abricot;Confiture abricot;مربى abricot
E749;عسل;Essentiels;;;;;;E749.jpg;;;;;MAD;;;;NOT_FOUND;NO;Aïcha;عسل;Miel;عسل
E750;زبدة cacahuète;Essentiels;;;;;;E750.jpg;;;;;MAD;;;;NOT_FOUND;NO;Jif;زبدة cacahuète;Beurre cacahuète;زبدة cacahuète
E751;Pâte à tartiner;Essentiels;;;;;;E751.jpg;;;;;MAD;;;;NOT_FOUND;NO;Nutella;Pâte à tartiner;Pâte à tartiner;Pâte à tartiner
E752;Céréales petit déjeuner;Essentiels;;;;;;00752.jpg;;;;;MAD;;;;OpenFoodFacts;NO;Kellogg's;Céréales petit déjeuner;Céréales petit déjeuner;Céréales petit déjeuner
E753;Flocons avoine;Essentiels;;;;;;00753.jpg;;;;;MAD;;;;OpenFoodFacts/Bing;NO;Quaker;Flocons avoine;Flocons avoine;Flocons avoine
E754;Corn flakes;Essentiels;;;;;;00754.jpg;;;;;MAD;;;;OpenFoodFacts;NO;Kellogg's;Corn flakes;Corn flakes;Corn flakes
E755;بسكويت petit زبدة;Essentiels;;;;;;00755.jpg;;;;;MAD;;;;OpenFoodFacts/Bing;NO;LU;بسكويت petit زبدة;Biscuits petit beurre;بسكويت petit زبدة
E756;بسكويت شكلاط;Essentiels;;;;;;00756.jpg;;;;;MAD;;;;OpenFoodFacts;NO;LU;بسكويت شكلاط;Biscuits chocolat;بسكويت شكلاط
E757;Gaufrettes;Essentiels;;;;;;E757.jpg;;;;;MAD;;;;NOT_FOUND;NO;Loacker;Gaufrettes;Gaufrettes;Gaufrettes
E758;Madeleines;Essentiels;;;;;;00758.jpg;;;;;MAD;;;;OpenFoodFacts/Bing;NO;Bimo;Madeleines;Madeleines;Madeleines
E759;Pain de mie;Essentiels;;;;;;00759.jpg;;;;;MAD;;;;OpenFoodFacts;NO;Harrys;Pain de mie;Pain de mie;Pain de mie
E760;Biscottes;Essentiels;;;;;;00760.jpg;;;;;MAD;;;;OpenFoodFacts;NO;Jacquet;Biscottes;Biscottes;Biscottes
E761;Chips nature;Essentiels;;;;;;00761.jpg;;;;;MAD;;;;OpenFoodFacts;NO;Lay's;Chips nature;Chips nature;Chips nature
E762;Chips paprika;Essentiels;;;;;;00762.jpg;;;;;MAD;;;;OpenFoodFacts/Bing;NO;Ducros;Chips paprika;Chips paprika;Chips paprika
E763;Popcorn;Essentiels;;;;;;E763.jpg;;;;;MAD;;;;NOT_FOUND;NO;Act II;Popcorn;Popcorn;Popcorn
E764;Noix;Essentiels;;;;;;E764.jpg;;;;;MAD;;;;OpenFoodFacts;NO;Alesto;Noix;Noix;Noix
E765;Cacahuètes غrillées;Essentiels;;;;;;00765.jpg;;;;;MAD;;;;OpenFoodFacts;NO;Alesto;Cacahuètes غrillées;Cacahuètes grillées;Cacahuètes غrillées
E766;Amandes غrillées;Essentiels;;;;;;E766.jpg;;;;;MAD;;;;NOT_FOUND;NO;Alesto;Amandes غrillées;Amandes grillées;Amandes غrillées
E767;Olives marinées;Essentiels;;;;;;00767.jpg;;;;;MAD;;;;OpenFoodFacts;NO;Marrakech;Olives marinées;Olives marinées;Olives marinées
E768;صلصة طماطم;Essentiels;;;;;;00768.jpg;;;;;MAD;;;;OPENFOODFACTS;NO;Mutti;صلصة طماطم;Sauce tomate;صلصة طماطم
E769;Pesto;Essentiels;;;;;;00769.jpg;;;;;MAD;;;;OpenFoodFacts/Bing;NO;Barilla;Pesto;Pesto;Pesto
E770;Purée pommes de terre;Essentiels;;;;;;00770.jpg;;;;;MAD;;;;OPENFOODFACTS;NO;Maggi;Purée pommes de terre;Purée pommes de terre;Purée pommes de terre
E771;مرق léغumes;Essentiels;;;;;;00771.jpg;;;;;MAD;;;;OpenFoodFacts;NO;Knorr;مرق léغumes;Bouillon légumes;مرق léغumes
E772;الملح fin;Essentiels;;;;;;00772.jpg;;;;;MAD;;;;OPENFOODFACTS;NO;Cérébos;الملح fin;Sel fin;الملح fin
E773;الملح غros;Essentiels;;;;;;00773.jpg;;;;;MAD;;;;OPENFOODFACTS;NO;Cérébos;الملح غros;Sel gros;الملح غros
E774;سكر غlace;Essentiels;;;;;;00774.jpg;;;;;MAD;;;;OpenFoodFacts;NO;Dari;سكر غlace;Sucre glace;سكر غlace
E775;دقيق pâtisserie;Essentiels;;;;;;E775.jpg;;;;;MAD;;;;OpenFoodFacts/Bing;NO;Carrefour;دقيق pâtisserie;Farine pâtisserie;دقيق pâtisserie
E776;روز basmati;Essentiels;;;;;;E776.jpg;;;;;MAD;;;;OpenFoodFacts;NO;Uncle Ben's;روز basmati;Riz basmati;روز basmati
E777;روز lonغ;Essentiels;;;;;;00777.jpg;;;;;MAD;;;;OpenFoodFacts;NO;Uncle Ben's;روز lonغ;Riz long;روز lonغ
E778;Vermicelles روز;Essentiels;;;;;;E778.jpg;;;;;MAD;;;;NOT_FOUND;NO;Suzi Wan;Vermicelles روز;Vermicelles riz;Vermicelles روز
E779;Nouilles instantanées;Essentiels;;;;;;00779.jpg;;;;;MAD;;;;OpenFoodFacts;NO;Indomie;Nouilles instantanées;Nouilles instantanées;Nouilles instantanées
E780;مكرونة lasaغnes;Essentiels;;;;;;E780.jpg;;;;;MAD;;;;OpenFoodFacts;NO;Barilla;مكرونة lasaغnes;Pâtes lasagnes;مكرونة lasaغnes
E781;بيني;Essentiels;;;;;;00781.jpg;;;;;MAD;;;;OpenFoodFacts;NO;Barilla;بيني;Penne;بيني
E782;فوسيلي;Essentiels;;;;;;00782.jpg;;;;;MAD;;;;OpenFoodFacts;NO;Barilla;فوسيلي;Fusilli;فوسيلي
E783;سباغيتي complet;Essentiels;;;;;;E783.jpg;;;;;MAD;;;;NOT_FOUND;NO;Barilla;سباغيتي complet;Spaghetti complet;سباغيتي complet
E784;كسكس 5 céréales;Essentiels;;;;;;00784.jpg;;;;;MAD;;;;OPENFOODFACTS;NO;Kellogg's;كسكس 5 céréales;Couscous 5 céréales;كسكس 5 céréales
E785;ما Sidi Ali 0.5ل;Eaux minérales;;;;;;E785.jpg;;Sidi Ali;0.5L;;MAD;;;;NOT_FOUND;NO;Sidi Ali;ما Sidi Ali 0.5ل;Eau Sidi Ali 0.5L;ما Sidi Ali 0.5ل
E786;ما Sidi Ali 1ل;Eaux minérales;;;;;;E786.jpg;;Sidi Ali;1L;;MAD;;;;NOT_FOUND;NO;Sidi Ali;ما Sidi Ali 1ل;Eau Sidi Ali 1L;ما Sidi Ali 1ل
E787;ما Aïn Saïss 0.5ل;Eaux minérales;;;;;;E787.jpg;;Aïn Saïss;0.5L;;MAD;;;;NOT_FOUND;NO;Aïn Saïss;ما Aïn Saïss 0.5ل;Eau Aïn Saïss 0.5L;ما Aïn Saïss 0.5ل
E788;ما Aïn Ifrane 0.5ل;Eaux minérales;;;;;;E788.jpg;;Aïn Ifrane;0.5L;;MAD;;;;NOT_FOUND;NO;Aïn Ifrane;ما Aïn Ifrane 0.5ل;Eau Aïn Ifrane 0.5L;ما Aïn Ifrane 0.5ل
E789;ما Oulmès 0.5ل;Eaux gazeuses;;;;;;E789.jpg;;Oulmès;0.5L;;MAD;;;;NOT_FOUND;NO;Oulmès;ما Oulmès 0.5ل;Eau Oulmès 0.5L;ما Oulmès 0.5ل
E790;ما Oulmès 1.5ل;Eaux gazeuses;;;;;;E790.jpg;;Oulmès;1.5L;;MAD;;;;NOT_FOUND;NO;Oulmès;ما Oulmès 1.5ل;Eau Oulmès 1.5L;ما Oulmès 1.5ل
E791;روز basmati 1kغ;Riz;;;;;;E791.jpg;;Carrefour;1kg;;MAD;;;;NOT_FOUND;NO;Uncle Ben's;روز basmati 1kغ;Riz basmati 1kg;روز basmati 1kغ
E792;روز lonغ 1kغ;Riz;;;;;;E792.jpg;;Carrefour;1kg;;MAD;;;;NOT_FOUND;NO;Uncle Ben's;روز lonغ 1kغ;Riz long 1kg;روز lonغ 1kغ
E793;بيني 500غ;Pâtes;;;;;;E793.jpg;;Carrefour;500g;;MAD;;;;NOT_FOUND;NO;Barilla;بيني 500غ;Penne 500g;بيني 500غ
E794;فوسيلي 500غ;Pâtes;;;;;;E794.jpg;;Carrefour;500g;;MAD;;;;NOT_FOUND;NO;Barilla;فوسيلي 500غ;Fusilli 500g;فوسيلي 500غ
E795;سباغيتي 500غ;Pâtes;;;;;;E795.jpg;;Carrefour;500g;;MAD;;;;NOT_FOUND;NO;Carrefour;سباغيتي 500غ;Spaghetti 500g;سباغيتي 500غ
E796;قهوة moulu 250غ;Café;;;;;;E796.jpg;;Carrefour;250g;;MAD;;;;NOT_FOUND;NO;Lavazza;قهوة moulu 250غ;Café moulu 250g;قهوة moulu 250غ
E797;أتاي vert 25 sachets;Thé;;;;;;E797.jpg;;Carrefour;25 sachets;;MAD;;;;NOT_FOUND;NO;Lipton;أتاي vert 25 sachets;Thé vert 25 sachets;أتاي vert 25 sachets
E798;سكر مقطع 1kغ;Sucre;;;;;;E798.jpg;;Carrefour;1kg;;MAD;;;;NOT_FOUND;NO;Carrefour;سكر مقطع 1kغ;Sucre morceaux 1kg;سكر مقطع 1kغ
E799;زيت tournesol 1ل;Huiles;;;;;;E799.jpg;;Lesieur;1L;;MAD;;;;NOT_FOUND;NO;Carrefour;زيت tournesol 1ل;Huile tournesol 1L;زيت tournesol 1ل
E800;دقيق blanche 1kغ;Farines;;;;;;E800.jpg;;Carrefour;1kg;;MAD;;;;NOT_FOUND;NO;Carrefour;دقيق blanche 1kغ;Farine blanche 1kg;دقيق blanche 1kغ
